Parent company,Company name
ADGA GROUP,ADGA
ADGA GROUP,ADGA CONSULTING GROUP
ADGA GROUP,ADGA GROUP
ADGA GROUP,ADGA GROUP CONSULTANT
ADGA GROUP,ADGA GROUP CONSULTANTS
ADGA GROUP,ADGA GROUP CONSULTANTS 116 ALBERT ST SUITE 600
ADGA GROUP,ADGA GROUP CONSULTING
ADGA GROUP,ADGA GROUP THE
ADGA GROUP,ADGA QUEBEC LTEE
ADGA GROUP,CREEADGA
ADGA GROUP,GROUPE ADGA
ADVANCED CHIPPEWA TECHNOLOGIES,ADVANCEC CHIPPEWA TECHNOLOGIES
ADVANCED CHIPPEWA TECHNOLOGIES,ADVANCE CHIPPEWA TECHNOLOGIES
ADVANCED CHIPPEWA TECHNOLOGIES,ADVANCED CHIPPEWA
ADVANCED CHIPPEWA TECHNOLOGIES,ADVANCED CHIPPEWA TACHNOLOGIES
ADVANCED CHIPPEWA TECHNOLOGIES,ADVANCED CHIPPEWA TECH
ADVANCED CHIPPEWA TECHNOLOGIES,ADVANCED CHIPPEWA TECHNOLIGIES
ADVANCED CHIPPEWA TECHNOLOGIES,ADVANCED CHIPPEWA TECHNOLOGI
ADVANCED CHIPPEWA TECHNOLOGIES,ADVANCED CHIPPEWA TECHNOLOGIES
ADVANCED CHIPPEWA TECHNOLOGIES,ADVANCED CHIPPEWATECHNOLOGIES
ADVANCED CHIPPEWA TECHNOLOGIES,ADVANCED CHIPPEWA TECHNOLOGIES 4165047 CANADA IN JOINT VENT
ADVANCED CHIPPEWA TECHNOLOGIES,ADVANCED CHIPPEWA TECHNOLOGIES ACT
ADVANCED CHIPPEWA TECHNOLOGIES,ADVANCED CHIPPEWA TECHNOLOGY
ADVANCED CHIPPEWA TECHNOLOGIES,ADVANCED CHIPPEWA TECHNOLOICS
ADVANCED CHIPPEWA TECHNOLOGIES,ADVANCED CHIPPEWA TECHOLOGIES
ADVANCED CHIPPEWA TECHNOLOGIES,ADVANCED CHIPPEWA TECJNOLOGIES
ATCO FRONTEC,ATCO FRONTEC CORP
ATCO FRONTEC,ATCO FRONTEC CORPORATION
ATCO FRONTEC,ATCO FRONTEC SERVICES
ATCO FRONTEC,ATCO STRUCTURES & LOGISTICS
ATCO FRONTEC,ATCO STRUCTURES AND LOGISTICS
BABCOCK CANADA,BABCOCK CANADA
BABCOCK CANADA,BABCOCK INTEGRATED TECHNOLOGY
BABCOCK CANADA,BABCOCK INTEGRATED TECHNOLOGY CANADA
BABCOCK CANADA,BABCOCK INTERNATIONAL GROUP MARINE AND TECHNOLOGY DIVISION
BABCOCK CANADA,CSMG
BELL CANADA,BELL
BELL CANADA,BELL-NEXXIA
BELL CANADA,BELL/BCE NEXXIA
BELL CANADA,BELL ADVANCED COMMUNICATIONS
BELL CANADA,BELL ALIANT
BELL CANADA,BELL ALIANT HALIFAX
BELL CANADA,BELL ALIANT REGIONAL
BELL CANADA,BELL ALIANT REGIONAL COMM L P
BELL CANADA,BELL ALIANT REGIONAL COMM PARTN
BELL CANADA,BELL ALIANT REGIONAL COMMUNICA
BELL CANADA,BELL ALIANT REGIONAL COMMUNICATIONS
BELL CANADA,BELL ALIANT REGIONAL COMMUNICATIONS/BELL ALIANT COMMUNICATIONS RE
BELL CANADA,BELL ALIANT REGIONAL COMMUNICATIONS LIMUITED PARTNERSHIP
BELL CANADA,BELL ALIANT REGIONAL COMMUNICATIONS L P
BELL CANADA,BELL ALIANT REGIONAL COMMUNICATIONS LP
BELL CANADA,BELL ALIANT REGIONAL COMMUNICATIONS PARTNERSHIP
BELL CANADA,BELL ALLIANT
BELL CANADA,BELL ALLIANT REGIONAL
BELL CANADA,BELL ALLIANT REGIONAL COMMUNICATIONS
BELL CANADA,BELL CANADA
BELL CANADA,BELL CANADA & ADVANCED EDUCATION CORPORATION
BELL CANADA,BELL CANADA/BELL NEXXIA
BELL CANADA,BELL CANADA/BELL WEB SOLUTIONS
BELL CANADA,BELL CANADA/THE BELL TELEPHONE
BELL CANADA,BELL CANADA 8713
BELL CANADA,BELL CANADA AND BELL SECURITY SOLUTIONS IN JOINT VENTURE
BELL CANADA,BELL CANADA C/O SPECIAL BILLING
BELL CANADA,BELL CANADA CENTRE DE VERSEMENTS CLIENTS
BELL CANADA,BELL CANADA COMPANY
BELL CANADA,BELL CANADA CUSTOMER COMMUNICATIONS CTR
BELL CANADA,BELL CANADA ENTERPRISE DIVISION
BELL CANADA,BELL CANADA ENTERPRISE GROUP
BELL CANADA,BELL CANADA ICT SOLUTIONS
BELL CANADA,BELL CANADA MISSISSAUGA
BELL CANADA,BELL CANADA OTTAWA
BELL CANADA,BELL CANADA [AUTHORIZED HP RESELLER]
BELL CANADA,BELL CDA
BELL CANADA,BELL CDA SECURITY SOLUTIONS
BELL CANADA,BELL CONFERENCING
BELL CANADA,BELL EXPRESSU PARTNERSHIP
BELL CANADA,BELL EXPRESSVU PARTNERSHIP
BELL CANADA,BELL GEOSPACE ENTERPRISES
BELL CANADA,BELL GLOBAL SOLUTIONS
BELL CANADA,BELL GLOBEMEDIA PUBLISHING
BELL CANADA,BELL GLOBEMEDIA PUBLISHING/PUBLICATIONS
BELL CANADA,BELL ICT SOLUTIONS
BELL CANADA,BELL MEDIA
BELL CANADA,BELL MOBILITE
BELL CANADA,BELL MOBILITE RADIO
BELL CANADA,BELL MOBILITY
BELL CANADA,BELL MOBILITY CANADA
BELL CANADA,BELL MOBILITY CENTER
BELL CANADA,BELL MOBILITY PAGING
BELL CANADA,BELL MOBILITY RADIO
BELL CANADA,BELL MOBILITY RADIO DIVISION
BELL CANADA,BELL NEXXIA
BELL CANADA,BELL NEXXIA OTTAWA
BELL CANADA,BELL SECURITY SOLUTIONS
BELL CANADA,BELL SECURITY SOLUTIONS BSS
BELL CANADA,BELL SECUTITY SOLUTIONS
BELL CANADA,BELLTECH SYSTEM
BELL CANADA,BELL TECH SYSTEMS
BELL CANADA,BELL TELEPHONE COMPANY OF CANADA
BELL CANADA,BELL WHOLESALE
BELL CANADA,BELL WIRELESS ALLIANCE
BELL CANADA,BELL WORLD/KANATA WRLSS
BELL CANADA,THE BELL TELEPHONE COMPANY OF
BELL CANADA,THE BELL TELEPHONE COMPANY OF CANAD
BELL CANADA,THE BELL TELEPHONE COMPANY OF CANADA
BELL CANADA,THE BELL TELEPHONE COMPANY OF CANADA BELL CANADA
BELL CANADA,THE BELL TELEPHONE COMPANY OF CANADA OR BELL
BELL CANADA,THE BELL TELEPHONE COMPANY OF CANADA OR BELL CANADA
BELL CANADA,THE BELL TELEPHONE COMPANY OF CANADA OR BELL CANADA/LA COMPAGNIE DE TA?
BELL CANADA,THE BELL TELEPHONE COMPANY OF CANADA OR BELL CANADA/LA COMPAGNIE DE TA C
BELL CANADA,THE BELL TELEPHONE COMPANY OF CANADA OR BELL CANADA/LA COMPAGNIE DE TA C LA C PHONE BELL DU CANADA OU BELL CANADA
BELL CANADA,THE BELL TELEPHONE COMPANY OF CANADA OR BELL CANADA/LA COMPAGNIE DE TE
BELL CANADA,THE BELL TELEPHONE COMPANY OF CANADA OR BELL CANADA/LA COMPAGNIE DE TI
BELL CANADA,THE BELL TELEPHONE COMPANY OF CANADA OR BELL CANADA\LA COMPAGNIE DE TA C LA C PHONE BELL DU CANADA OU BELL CANADA
BELL CANADA,XWAVE-A DIVISION OF BELL ALIANT
BELL CANADA,XWAVE A DIVISION OF BELL ALIANT
BELL CANADA,XWAVE A DIVISION OF BELL ALIANT REG
BELL CANADA,XWAVE A DIVISION OF BELL ALIANT REGIONAL COMMUNICATIONS
BELL CANADA,XWAVE A DIVISION OF BELL ALLIANT
BELL TEXTRON HELICOPTER,BELL HELICOPTER
BELL TEXTRON HELICOPTER,BELL HELICOPTER TEXTRON
BELL TEXTRON HELICOPTER,BELL HELICOPTER TEXTRON CANADA
BROOKFIELD ASSET MANAGEMENT,BROOKFIELD
BROOKFIELD ASSET MANAGEMENT,BROOKFIELD GLOBAL
BROOKFIELD ASSET MANAGEMENT,BROOKFIELD GLOBAL INTEGRATED
BROOKFIELD ASSET MANAGEMENT,BROOKFIELD GLOBAL INTEGRATED SOLUTI
BROOKFIELD ASSET MANAGEMENT,BROOKFIELD GLOBAL INTEGRATED SOLUTIONS
BROOKFIELD ASSET MANAGEMENT,BROOKFIELD GLOBAL INTEGRATED SOLUTIONS CANADA GP
BROOKFIELD ASSET MANAGEMENT,BROOKFIELD GLOBAL INTEGRATED SOLUTIONS CANADA LP
BROOKFIELD ASSET MANAGEMENT,BROOKFIELD GLOBAL INTERGRATED SOLUT
BROOKFIELD ASSET MANAGEMENT,BROOKFIELD GLOBAL RELOCATION
BROOKFIELD ASSET MANAGEMENT,BROOKFIELD GLOBAL RELOCATION SERV
BROOKFIELD ASSET MANAGEMENT,BROOKFIELD GLOBAL RELOCATION SERVIC
BROOKFIELD ASSET MANAGEMENT,BROOKFIELD GLOBAL RELOCATION SERVICES
BROOKFIELD ASSET MANAGEMENT,BROOKFIELD GLOBAL RELOCATION SERVS
BROOKFIELD ASSET MANAGEMENT,BROOKFIELD JOHNSON CONTROLS
BROOKFIELD ASSET MANAGEMENT,BROOKFIELD JOHNSON CONTROLS CANADA
BROOKFIELD ASSET MANAGEMENT,BROOKFIELD LEPAGE JOHNSON
BROOKFIELD ASSET MANAGEMENT,BROOKFIELD LEPAGE JOHNSON CONTROL
BROOKFIELD ASSET MANAGEMENT,BROOKFIELD LEPAGE JOHNSON CONTROLS
BROOKFIELD ASSET MANAGEMENT,BROOKFIELD LEPAGE JOHNSON CONTROLS FACILITY
BROOKFIELD ASSET MANAGEMENT,BROOKFIELD LEPAGE JOHNSON CONTROLS PROPERTY MANAGER VANCOUVER REGIONAL OFFICE
BROOKFIELD ASSET MANAGEMENT,BROOKFIELD MGT SERV JOHNSON CONTROLS WO
BROOKFIELD ASSET MANAGEMENT,BROOKFIELD OFFICE PROP MNGT LP
BROOKFIELD ASSET MANAGEMENT,BROOKFIELD PROPERTIES
BROOKFIELD ASSET MANAGEMENT,BROOKFIELD PROPERTIES CORPORATION
BROOKFIELD ASSET MANAGEMENT,BROOKFIELD PROPERTIES ET
BROOKFIELD ASSET MANAGEMENT,BROOKFIELD PROPERTIES MANAGEMENT
BROOKFIELD ASSET MANAGEMENT,BROOKFIELD PROPERTIES MANAGEMENT CO
BROOKFIELD ASSET MANAGEMENT,BROOKFIELD PROPERTIES MANAGEMENT CORPORATION
BROOKFIELD ASSET MANAGEMENT,BROOKFIELD PROPERTIES MGMT
BROOKFIELD ASSET MANAGEMENT,BROOKFIELD PROPERTIES PI
BROOKFIELD ASSET MANAGEMENT,BROOKFIELD PROPERTIES PI]
BROOKFIELD ASSET MANAGEMENT,BROOKFIELD SOLUTIONS GLOBALES
BROOKFIELD ASSET MANAGEMENT,BROOKFIELD SOLUTIONS GLOBALES INTEGREES
BROOKFIELD ASSET MANAGEMENT,BROOKFIELD WELL SERVICES
CA CANADA COMPANY,CA CANADA COMPANY
CA CANADA COMPANY,CA CANADA COMPANY CA
CA CANADA COMPANY,CA TECHNOLOGIES
CAE,CAE
CAE,CAE AIRCREW TRAINING SERVICES PLC
CAE,CAE FLIGHTSCAPE
CAE,CAE MILITARY AVIATION TRAINING
CAE,CAE PROFESSIONAL SERVICES CANADA
CAE,CAE SAFETY CONSULTANTS
CAE,CAE SIMUFLITE
CALIAN,CALIAN
CALIAN,CALIAN C/R109952
CALIAN,CALIAN CALIAN
CALIAN,CALIAN COMMUNICATIONS SYSTEMS
CALIAN,CALIAN COMPUTING
CALIAN,CALIAN DOMINKNOW IN JOINT VENTURE
CALIAN,CALIAN HUMAN RESOURCES
CALIAN,CALIAN INSTRUX MEDIA CORP
CALIAN,CALIAN JV INSTRUX MEDIA CORP
CALIAN,CALIAN LDT
CALIAN,CALIAN OP THS DIVISION
CALIAN,CALIAN S
CALIAN,CALIAN SERVICES DOWNTOWN OFFICE
CALIAN,CALIAN TECH
CALIAN,CALIAN TECHNOLOGIES
CALIAN,CALIAN TECHNOLOGY
CALIAN,CALIAN TECHNOLOGY SERVICES
CALIAN,CALIAN TEMP HELP
CALIAN,CALIAN TEMPORARY HELP SERVICES
CALIAN,CALIAN THS
CALIAN,SED SYSTEMS A DIVISION OF CALIAN
CANADIAN BANK NOTE COMPANY,CANADIAN BANK NOTE CO
CANADIAN BANK NOTE COMPANY,CANADIAN BANK NOTE COLTD
CANADIAN BANK NOTE COMPANY,CANADIAN BANK NOTE COMPANY
CANADIAN BANK NOTE COMPANY,CANADIAN BANK NOTE COMPANYLTD
CANADIAN CORPS OF COMMISSIONAIRES,B C CORPS OF COMMISSIONAIRES
CANADIAN CORPS OF COMMISSIONAIRES,BC CORPS OF COMMISSIONAIRES
CANADIAN CORPS OF COMMISSIONAIRES,CANADA CORPS OF COMMISSIONAIRES
CANADIAN CORPS OF COMMISSIONAIRES,CANADAIN CORPS OF COMMISSIONAIRES
CANADIAN CORPS OF COMMISSIONAIRES,CANADIAN COMMISSIONAIRES OTTAWA
CANADIAN CORPS OF COMMISSIONAIRES,CANADIAN COPRS OF COMMISSIONAIRES
CANADIAN CORPS OF COMMISSIONAIRES,CANADIAN CORP OF COMMISSIONAIRES
CANADIAN CORPS OF COMMISSIONAIRES,CANADIAN CORP OF COMMISSIONAIRES OTTAWA
CANADIAN CORPS OF COMMISSIONAIRES,CANADIAN CORPOS OF COMMISSIONAIRES
CANADIAN CORPS OF COMMISSIONAIRES,CANADIAN CORPS
CANADIAN CORPS OF COMMISSIONAIRES,CANADIAN CORPS COMMISSIONAIRES
CANADIAN CORPS OF COMMISSIONAIRES,CANADIAN CORPS COMMISSIONAIRES OTTAWA DIVISION
CANADIAN CORPS OF COMMISSIONAIRES,CANADIAN CORPS OF COMMISSIONAI
CANADIAN CORPS OF COMMISSIONAIRES,CANADIAN CORPS OFCOMMISSIONAIRES
CANADIAN CORPS OF COMMISSIONAIRES,CANADIAN CORPS OF COMMISSIONAIRES
CANADIAN CORPS OF COMMISSIONAIRES,CANADIAN CORPS OF COMMISSIONAIRES-HAMILTON
CANADIAN CORPS OF COMMISSIONAIRES,CANADIAN CORPS OF COMMISSIONAIRES-NORTHERN ALBERTA DIVISION
CANADIAN CORPS OF COMMISSIONAIRES,CANADIAN CORPS OF COMMISSIONAIRES 100762517PG
CANADIAN CORPS OF COMMISSIONAIRES,CANADIAN CORPS OF COMMISSIONAIRES HAMILTON
CANADIAN CORPS OF COMMISSIONAIRES,CANADIAN CORPS OF COMMISSIONAIRES KINGSTON & REGION
CANADIAN CORPS OF COMMISSIONAIRES,CANADIAN CORPS OF COMMISSIONAIRES KINGSTON & REGION DIVISIO
CANADIAN CORPS OF COMMISSIONAIRES,CANADIAN CORPS OF COMMISSIONAIRES KINGSTON AND REGION
CANADIAN CORPS OF COMMISSIONAIRES,CANADIAN CORPS OF COMMISSIONAIRES NB
CANADIAN CORPS OF COMMISSIONAIRES,CANADIAN CORPS OF COMMISSIONAIRES NB & PEI
CANADIAN CORPS OF COMMISSIONAIRES,CANADIAN CORPS OF COMMISSIONAIRES NB & PEI DIVISION
CANADIAN CORPS OF COMMISSIONAIRES,CANADIAN CORPS OF COMMISSIONAIRES NL DIVISION
CANADIAN CORPS OF COMMISSIONAIRES,CANADIAN CORPS OF COMMISSIONAIRES NMCI
CANADIAN CORPS OF COMMISSIONAIRES,CANADIAN CORPS OF COMMISSIONAIRES NORTHERN ALBERTA
CANADIAN CORPS OF COMMISSIONAIRES,CANADIAN CORPS OF COMMISSIONAIRES NOVA SCOTI
CANADIAN CORPS OF COMMISSIONAIRES,CANADIAN CORPS OF COMMISSIONAIRES NOVA SCOTIA
CANADIAN CORPS OF COMMISSIONAIRES,CANADIAN CORPS OF COMMISSIONAIRES NS
CANADIAN CORPS OF COMMISSIONAIRES,CANADIAN CORPS OF COMMISSIONAIRES NS DIVISION
CANADIAN CORPS OF COMMISSIONAIRES,CANADIAN CORPS OF COMMISSIONAIRES OTTAWA DEVISION
CANADIAN CORPS OF COMMISSIONAIRES,CANADIAN CORPS OF COMMISSIONAIRES OTTAWA DIVISION
CANADIAN CORPS OF COMMISSIONAIRES,CANADIAN CORPS OF COMMISSIONAIRES SOUTHERN
CANADIAN CORPS OF COMMISSIONAIRES,CANADIAN CORPS OF COMMISSIONAIRES SOUTHERN ALBERTA
CANADIAN CORPS OF COMMISSIONAIRES,CANADIAN CORPS OF COMMISSIONAIRES WINDSOR
CANADIAN CORPS OF COMMISSIONAIRES,CANADIAN CORPS OF COMMISSIONAIRES`
CANADIAN CORPS OF COMMISSIONAIRES,CANADIAN CRPS COMMISSIONAIRES
CANADIAN CORPS OF COMMISSIONAIRES,CAN COMMISSIONAIRES OTTAWA
CANADIAN CORPS OF COMMISSIONAIRES,CANDIAN CORPS OF COMMISSIONAIRES
CANADIAN CORPS OF COMMISSIONAIRES,CCIDS COMMISSIONAIRES OTTAWA
CANADIAN CORPS OF COMMISSIONAIRES,CDN CORPS OF COMMISSIONAIRES
CANADIAN CORPS OF COMMISSIONAIRES,COMMISSIONAIRE KINGSTON
CANADIAN CORPS OF COMMISSIONAIRES,COMMISSIONAIRES
CANADIAN CORPS OF COMMISSIONAIRES,COMMISSIONAIRES-GREAT LAKES
CANADIAN CORPS OF COMMISSIONAIRES,COMMISSIONAIRES-N ALBERTA
CANADIAN CORPS OF COMMISSIONAIRES,COMMISSIONAIRES-OTTAWA
CANADIAN CORPS OF COMMISSIONAIRES,COMMISSIONAIRES B C
CANADIAN CORPS OF COMMISSIONAIRES,COMMISSIONAIRES BC
CANADIAN CORPS OF COMMISSIONAIRES,COMMISSIONAIRES BRITISH COLUMBIA
CANADIAN CORPS OF COMMISSIONAIRES,COMMISSIONAIRESBRITISH COLUMBIA
CANADIAN CORPS OF COMMISSIONAIRES,COMMISSIONAIRES CORP OF
CANADIAN CORPS OF COMMISSIONAIRES,COMMISSIONAIRES CORPS
CANADIAN CORPS OF COMMISSIONAIRES,COMMISSIONAIRES DIVISION
CANADIAN CORPS OF COMMISSIONAIRES,COMMISSIONAIRES DIVISION D OTTAWA
CANADIAN CORPS OF COMMISSIONAIRES,COMMISSIONAIRES DU QUEBEC
CANADIAN CORPS OF COMMISSIONAIRES,COMMISSIONAIRES EDMONTON
CANADIAN CORPS OF COMMISSIONAIRES,COMMISSIONAIRE SERVICES
CANADIAN CORPS OF COMMISSIONAIRES,COMMISSIONAIRES GEREAT LAKES
CANADIAN CORPS OF COMMISSIONAIRES,COMMISSIONAIRES GREAAT LAKES
CANADIAN CORPS OF COMMISSIONAIRES,COMMISSIONAIRES GREAT LAKE ONTARIO
CANADIAN CORPS OF COMMISSIONAIRES,COMMISSIONAIRES GREAT LAKES
CANADIAN CORPS OF COMMISSIONAIRES,COMMISSIONAIRES GREAT LAKES 122971948PG0001
CANADIAN CORPS OF COMMISSIONAIRES,COMMISSIONAIRES GREAT LAKES CORP
CANADIAN CORPS OF COMMISSIONAIRES,COMMISSIONAIRES HAMILTON
CANADIAN CORPS OF COMMISSIONAIRES,COMMISSIONAIRES KINGSTON
CANADIAN CORPS OF COMMISSIONAIRES,COMMISSIONAIRES MANITOBA
CANADIAN CORPS OF COMMISSIONAIRES,COMMISSIONAIRES MANITOBA & NORTHWESTERN ONTARIO
CANADIAN CORPS OF COMMISSIONAIRES,COMMISSIONAIRES MANITOBA & NORTH WESTERN ONTARIO DIVISION
CANADIAN CORPS OF COMMISSIONAIRES,COMMISSIONAIRES MANITOBA DIVISION
CANADIAN CORPS OF COMMISSIONAIRES,COMMISSIONAIRES MONTREAL
CANADIAN CORPS OF COMMISSIONAIRES,COMMISSIONAIRES NB-PEI DIVISION
CANADIAN CORPS OF COMMISSIONAIRES,COMMISSIONAIRES NB/PEI
CANADIAN CORPS OF COMMISSIONAIRES,COMMISSIONAIRES NB/PEI DIVISION
CANADIAN CORPS OF COMMISSIONAIRES,COMMISSIONAIRES NEWFOUNDLAND
CANADIAN CORPS OF COMMISSIONAIRES,COMMISSIONAIRES NORTHERN
CANADIAN CORPS OF COMMISSIONAIRES,COMMISSIONAIRES NOVA SCOITA
CANADIAN CORPS OF COMMISSIONAIRES,COMMISSIONAIRES NOVA SCOTIA
CANADIAN CORPS OF COMMISSIONAIRES,COMMISSIONAIRES NOVA SCOTIA DIVISION
CANADIAN CORPS OF COMMISSIONAIRES,COMMISSIONAIRES NS
CANADIAN CORPS OF COMMISSIONAIRES,COMMISSIONAIRES OF NFLD
CANADIAN CORPS OF COMMISSIONAIRES,COMMISSIONAIRES OF NS
CANADIAN CORPS OF COMMISSIONAIRES,COMMISSIONAIRES OTTAWA
CANADIAN CORPS OF COMMISSIONAIRES,COMMISSIONAIRES OTTAWA CCIDS
CANADIAN CORPS OF COMMISSIONAIRES,COMMISSIONAIRES OTTAWA COLONADE
CANADIAN CORPS OF COMMISSIONAIRES,COMMISSIONAIRES OTTAWA D
CANADIAN CORPS OF COMMISSIONAIRES,COMMISSIONAIRES OTTAWA DIVISION
CANADIAN CORPS OF COMMISSIONAIRES,COMMISSIONAIRES OTTAWA FP THE CANADIAN CORPS OF COMMISSIONAIRES
CANADIAN CORPS OF COMMISSIONAIRES,COMMISSIONAIRES OTTAWA SG
CANADIAN CORPS OF COMMISSIONAIRES,COMMISSIONAIRES OTTAWA SG THE CANADIAN CORPS OF COMMISSIONAIRES
CANADIAN CORPS OF COMMISSIONAIRES,COMMISSIONAIRES QUEBEC
CANADIAN CORPS OF COMMISSIONAIRES,COMMISSIONAIRES SASKATCHEWAN
CANADIAN CORPS OF COMMISSIONAIRES,COMMISSIONAIRES SECURITY
CANADIAN CORPS OF COMMISSIONAIRES,COMMISSIONAIRES SECURITY SOLULTIONS
CANADIAN CORPS OF COMMISSIONAIRES,COMMISSIONAIRES SECURITY SOLUTIONS
CANADIAN CORPS OF COMMISSIONAIRES,COMMISSIONAIRES SECURTIY SOLUTIONS
CANADIAN CORPS OF COMMISSIONAIRES,COMMISSIONAIRES SERVICES
CANADIAN CORPS OF COMMISSIONAIRES,COMMISSIONAIRES SERVICES NORTH SASKATCHEWAN
CANADIAN CORPS OF COMMISSIONAIRES,COMMISSIONAIRES SOUTHERN
CANADIAN CORPS OF COMMISSIONAIRES,COMMISSIONAIRES THE
CANADIAN CORPS OF COMMISSIONAIRES,COMMISSIONAIRES VICTORIA
CANADIAN CORPS OF COMMISSIONAIRES,COMMISSIONAIRES WINDSOR
CANADIAN CORPS OF COMMISSIONAIRES,COMMISSIONARIE SERVICES
CANADIAN CORPS OF COMMISSIONAIRES,COMMISSIONNAIRES DU QUEBEC
CANADIAN CORPS OF COMMISSIONAIRES,COMMISSIONNAIRES MONTREAL
CANADIAN CORPS OF COMMISSIONAIRES,CORP COMMISSIONAIRES
CANADIAN CORPS OF COMMISSIONAIRES,CORP OF COMMISSIONAIRES
CANADIAN CORPS OF COMMISSIONAIRES,CORPS CANADIEN COMMISSIONAIRE
CANADIAN CORPS OF COMMISSIONAIRES,CORPS CANADIEN COMMISSIONNAIRE
CANADIAN CORPS OF COMMISSIONAIRES,CORPS CANADIEN DES COMMISSIONAIRES
CANADIAN CORPS OF COMMISSIONAIRES,CORPS CANADIEN DES COMMISSIONNAIRE
CANADIAN CORPS OF COMMISSIONAIRES,CORPS CANADIEN DES COMMISSIONNAIRES
CANADIAN CORPS OF COMMISSIONAIRES,CORPS CANADIENS DES COMMISSIONNAIRES
CANADIAN CORPS OF COMMISSIONAIRES,CORPS COMMISSIONAIRES
CANADIAN CORPS OF COMMISSIONAIRES,CORPS DES COMMISSIONNAIRES DU CANADA
CANADIAN CORPS OF COMMISSIONAIRES,CORPS OF COMMISSIONAIRES
CANADIAN CORPS OF COMMISSIONAIRES,NB/PEI DIVISION CANADIAN CORPS OF COMMISSIONAIRES
CANADIAN CORPS OF COMMISSIONAIRES,OTTAWA DIVISION CANADIAN CORPS
CANADIAN CORPS OF COMMISSIONAIRES,OTTAWA DIVISION CANADIAN CORPS OF COMMISSIONAIRES
CANADIAN CORPS OF COMMISSIONAIRES,THE BRITISH COLUMBIA CORPS OF COMMISSIONAIRES
CANADIAN CORPS OF COMMISSIONAIRES,THE CANADIAN CORP OF COMMISSIONAIRES
CANADIAN CORPS OF COMMISSIONAIRES,THE CANADIAN CORPOS OF COMMISSIONAIRES
CANADIAN CORPS OF COMMISSIONAIRES,THE CANADIAN CORPS COF COMMISSIONAIRES
CANADIAN CORPS OF COMMISSIONAIRES,THE CANADIAN CORPS OF COMMISSIONAIRES
CANADIAN CORPS OF COMMISSIONAIRES,THE CANADIAN CORPS OF COMMISSIONAIRES/LE CORPS CANADIEN DES COMMISSIONAIRES
CANADIAN CORPS OF COMMISSIONAIRES,THE CANADIAN CORPS OF COMMISSIONAIRES OTTAWA
CANADIAN CORPS OF COMMISSIONAIRES,THE CANADIAN CORPS OF COMMISSIONAIRES OTTAWA DIVISION
CANADIAN CORPS OF COMMISSIONAIRES,THE CANAIDAN CORPS OF COMMISSIONAIRES
CANADIAN CORPS OF COMMISSIONAIRES,THE CDN CORPS OF COMMISSIONAIRES GLOUCESTER
CANADIAN CORPS OF COMMISSIONAIRES,THE CDN CORPS OF COMMISSIONAIRES OTTAWA ON
CANADIAN CORPS OF COMMISSIONAIRES,THE COMMISSIONAIRES
CANADIAN CORPS OF COMMISSIONAIRES,THE COMMISSIONAIRES-OTTAWA DIVISIO
CANADIAN CORPS OF COMMISSIONAIRES,THE COMMISSIONAIRES-OTTAWA DIVISION
CANADIAN CORPS OF COMMISSIONAIRES,THE COMMISSIONAIRES GREAT LAKES
CANADIAN CORPS OF COMMISSIONAIRES,THE CORPS OF COMMISSIONAIRES
CANADIAN CORPS OF COMMISSIONAIRES,WINDSOR CORPS OF COMMISSIONAIRES
CDW CANADA,CDW
CDW CANADA,CDW CANADA CORP
CDW CANADA,CDW CANADA CORPORATION
CDW CANADA,CDW CANADA RESELLER OF MICROSOFT
CDW CANADA,CDW CDA
CDW CANADA,FOUR POINT SOLUTIONS C/O CDW CANADA
CGI,CGI/AMS MANAGEMENT SYSTEMS
CGI,CGI GROUP
CGI,CGI GROUP THE
CGI,CGI INFORMATION
CGI,CGI INFORMATIONS SYSTEMS
CGI,CGI INFORMATIONS SYSTEMS AND MANAGEMENT CONSULTANTS
CGI,CGI INFORMATIONS SYSTEMS AND MANAGEMENT CONSULTING
CGI,CGI INFORMATIONS SYSTEMS AND MANAGEMENTS CONSULTANTS
CGI,CGI INFORMATION SYSTEM
CGI,CGI INFORMATION SYSTEM AND MANAGEMENT
CGI,CGI INFORMATION SYSTEMS
CGI,CGI INFORMATION SYSTEMS & MANAGEMENT
CGI,CGI INFORMATION SYSTEMS & MANAGEMENT CONSULTANT
CGI,CGI INFORMATION SYSTEMS & MANAGEMENT CONSULTANTS
CGI,CGI INFORMATION SYSTEMS & MANAGEMENT CONSULTANTS I
CGI,CGI INFORMATION SYSTEMS AND
CGI,CGI INFORMATION SYSTEMS AND MA
CGI,CGI INFORMATION SYSTEMS AND MANAGEM
CGI,CGI INFORMATION SYSTEMS AND MANAGEMENT
CGI,CGI INFORMATION SYSTEMS AND MANAGEMENT CONSU
CGI,CGI INFORMATION SYSTEMS AND MANAGEMENT CONSULTANT
CGI,CGI INFORMATION SYSTEMS AND MANAGEMENT CONSULTANTS
CGI,CGI INFORMATION SYSTEMS AND MANAGEMENT CONSULTANTS CONSEILLERS EN SYSTA?MES DINFORMATION ET EN GESTION CGI
CGI,CGI INFORMATION SYSTEMS AND MANAGEMENT CONSULTATNTS
CGI,CGI INFORMATION SYSTEMS AND MANAGEMENT CONSULTING
CGI,CGI INFORMATION SYSTEMS AND MANAGMENT
CGI,CGI INFORMATION SYSTEMS AND MGMT CONSULTANTS
CGI,CGI INFORMATION SYSTEMS AND TECHNOLOGY
CGI,CGI INFORMATION SYSTEMS MAN
CGI,CGI INFORMATION SYSTEMS MANAGEMENT CONSULTANTS
CGI,CGI INFORMATION SYSTMES AND
CGI,CGI INFORMATION SYTEMS AND MANAGEME
CGI,CGI INFO SYSTEMS
CGI,CGI INFO SYSTEMS & MANAGEMENT
CGI,CGI INFO SYSTEMS & MGMT
CGI,CGI IT/NET IN JOINT VENTURE
CGI,CGI PAYROLL SERVICES CENTER
CGI,CGI PAYROLL SERVICES CENTRE
CGI,CGI PAYROLL SERVICES CENTRE CENTRE DE SERVICES DE PAIE CGI
CGI,CGI PAYROLL SERVICES CNTR
CISTEL TECHNOLOGY,CISTEL
CISTEL TECHNOLOGY,CISTEL A TECHNOLOGY
CISTEL TECHNOLOGY,CISTEL INFORMATION SYSTEMS
CISTEL TECHNOLOGY,CISTEL TECH
CISTEL TECHNOLOGY,CISTEL TECHNOLOGY
CISTEL TECHNOLOGY,CISTEL TECHNOLOGY & TECSIS CORPORATION
CISTEL TECHNOLOGY,CISTEL TECHNOLOGY NC
CISTEL TECHNOLOGY,CISTEL TECHNOLOGY TECSIS CORPORATION IN JOINT VENTURE
CITRIX,CITRIX
CITRIX,CITRIX METACOMM
CITRIX,CITRIX ONLINE
CITRIX,CITRIX SYSTEMS
COMPUCOM CANADA,COMPUCOM
COMPUCOM CANADA,COMPUCOM CANADA
COMPUCOM CANADA,COMPUCOM CANADA CO
COMPUCOM CANADA,COMPUCOM CANADA CORP
COMPUCOM CANADA,COMPUCOM CORPORATION
COMPUCOM CANADA,COMPUCOM SYSTEM
COMPUCOM CANADA,COMPUCOM SYSTEMS
COMPUGEN,COMPUGEN
COMPUGEN,COMPUGEN-HORIZON
COMPUGEN,COMPUGEN HORIZON
COMPUGEN,COMPUGEN HORIZON DARTMOUTH NS
COMPUGEN,COMPUGEN LOGISTICS
COMPUGEN,COMPUGEN SYSTEMES LTEE
COMPUGEN,COMPUGEN SYSTEMS
COMPUGEN,COMPUGEN SYSTEMS ALBERTA
COMPUGEN,COMPUGEN SYSTEMS OTTAWA
COMPUGEN,COMPUGEN VMWARE
COMPUTER ASSOCIATES CANADA,COMPUTER ASSOCIATES
COMPUTER ASSOCIATES CANADA,COMPUTER ASSOCIATES CANADA
COMPUTER ASSOCIATES CANADA,COMPUTER ASSOCIATES CANADA CO
COMPUTER ASSOCIATES CANADA,COMPUTER ASSOCIATES CANADA COM
COMPUTER ASSOCIATES CANADA,COMPUTER ASSOCIATES CANADA COMPANY
COMPUTERSHARE INVESTOR SERVICES,COMPUTERSHARE
COMPUTERSHARE INVESTOR SERVICES,COMPUTERSHARE INVESTOR
COMPUTERSHARE INVESTOR SERVICES,COMPUTERSHARE INVESTOR SERVICES
COMPUTERSHARE INVESTOR SERVICES,COMPUTERSHARE TRUST COMPANY OF
CONEXSYS,CONEXSYS COMMUNCATIONS
CONEXSYS,CONEXSYS COMMUNICATION
CONEXSYS,CONEXSYS COMMUNICATIONS
CORADIX TECHNOLOGY CONSULTING,CORADIX
CORADIX TECHNOLOGY CONSULTING,CORADIX CONSULTING
CORADIX TECHNOLOGY CONSULTING,CORADIX CONSULTING TECHNOLOGY CONSULTING
CORADIX TECHNOLOGY CONSULTING,CORADIX TECHNOLOGIY CONSULTING
CORADIX TECHNOLOGY CONSULTING,CORADIX TECHNOLOGY
CORADIX TECHNOLOGY CONSULTING,CORADIX TECHNOLOGY CONS SERVICES
CORADIX TECHNOLOGY CONSULTING,CORADIX TECHNOLOGY CONSULING
CORADIX TECHNOLOGY CONSULTING,CORADIX TECHNOLOGY CONSULTANT
CORADIX TECHNOLOGY CONSULTING,CORADIX TECHNOLOGY CONSULTANTING
CORADIX TECHNOLOGY CONSULTING,CORADIX TECHNOLOGY CONSULTING
CORADIX TECHNOLOGY CONSULTING,CORADIX TECHNOLOGY CONSULTING TECHNOLOGY CONSULTING
CORADIX TECHNOLOGY CONSULTING,CORADIX TECHNOLOGY HOUSE
CORADIX TECHNOLOGY CONSULTING,CORADIX TECHONOLOGY CONSULTING
CORADIX TECHNOLOGY CONSULTING,CORADIX TECHONOLY CONSULTING
CORADIX TECHNOLOGY CONSULTING,DALIAN AND CORADIX
CORADIX TECHNOLOGY CONSULTING,DALIAN ENTERPRISE & CORADIX
CORADIX TECHNOLOGY CONSULTING,DALIAN ENTERPRISES AND CORADIX
CORADIX TECHNOLOGY CONSULTING,DALIAN ENTERPRISES AND CORADIX TECHNOLOGIES CONSULTING
CORADIX TECHNOLOGY CONSULTING,DALIAN ENTERPRISES AND CORADIX TECHNOLOGIES CONSULTING IN JOINT VENTURE
CORADIX TECHNOLOGY CONSULTING,DALIAN ENTERPRISES AND CORADIX TECHNOLOGY CONSULTING IN JOINT VENTURE
CORADIX TECHNOLOGY CONSULTING,DALIAN ENTERPRISES AND CORADIX TECHNOLOGY IN JOINT VENTURE
CORADIX TECHNOLOGY CONSULTING,TEAM DALIAN DALIAN ENTERPRISES AND CORADIX JV
COSSETTE COMMUNICATIONS,COSSETTE
COSSETTE COMMUNICATIONS,COSSETTE ATLANTIC
COSSETTE COMMUNICATIONS,COSSETTE COMMUHICATIONS
COSSETTE COMMUNICATIONS,COSSETTE COMMUNICATION
COSSETTE COMMUNICATIONS,COSSETTE COMMUNICATION-MARKETING
COSSETTE COMMUNICATIONS,COSSETTE COMMUNICATION GROUP
COSSETTE COMMUNICATIONS,COSSETTE COMMUNICATIONS
COSSETTE COMMUNICATIONS,COSSETTE DIGITAL
COSSETTE COMMUNICATIONS,COSSETTE MEDIA
COSSETTE COMMUNICATIONS,COSSETTE MEDIA ATTN AOR CANADA
COSSETTE COMMUNICATIONS,COSSETTE MEDIA COSSETTE
COSSETTE COMMUNICATIONS,COSSETTE MEDIA COSSETTE COMMUNI
COSSETTE COMMUNICATIONS,GROUPE COSSETTE COMMUNICATION
D & H PARTNERSHIP,D&H PARTNERSHIP
D & H PARTNERSHIP,D & H PARTNERSHIP
DELL COMPUTER CORPORATION,DELL
DELL COMPUTER CORPORATION,DELLCANADA
DELL COMPUTER CORPORATION,DELL CANADA
DELL COMPUTER CORPORATION,DELL CANADA/OPENSTORAGE SOLUTIONS
DELL COMPUTER CORPORATION,DELL CANADA A/S NISHA TECHNOLOGIES
DELL COMPUTER CORPORATION,DELL CANADA MONTREAL
DELL COMPUTER CORPORATION,DELL CANADA RESELLER ITEX ENTERPRISE SOLUTION
DELL COMPUTER CORPORATION,DELL CANADA RESELLER NISHA TECHNOLOGIES
DELL COMPUTER CORPORATION,DELL CDA
DELL COMPUTER CORPORATION,DELL COMPUTER
DELL COMPUTER CORPORATION,DELL COMPUTER CORP
DELL COMPUTER CORPORATION,DELL COMPUTER CORP CANADA
DELL COMPUTER CORPORATION,DELL COMPUTER CORP NORTH YORK
DELL COMPUTER CORPORATION,DELL COMPUTER CORPORATION
DELL COMPUTER CORPORATION,DELL COMPUTER CORPORATION CANADA
DELL COMPUTER CORPORATION,DELL COMPUTER K
DELL COMPUTER CORPORATION,DELL COMPUTERS
DELL COMPUTER CORPORATION,DELL COMPUTERS CANADA
DELL COMPUTER CORPORATION,DELL DUCHARME DR
DELL COMPUTER CORPORATION,DELL EMC
DELL COMPUTER CORPORATION,DELL FINANCIAL SERVICES
DELL COMPUTER CORPORATION,DELL FINANCIAL SERVICES CANADA
DELL COMPUTER CORPORATION,DELL GLOBAL SOLUTIONS ARCHITECT
DELL COMPUTER CORPORATION,DELL HALLE GMBH
DELL COMPUTER CORPORATION,DELL LCANADA
DELL COMPUTER CORPORATION,DELL MARKETING
DELL COMPUTER CORPORATION,NISHA TECHNOLOGIE DELL CANADA
DELL COMPUTER CORPORATION,ZYCOM AS RESELLER FOR DELL
DELOITTE AND TOUCHE,DELOITTE
DELOITTE AND TOUCHE,DELOITTE & TOUCH
DELOITTE AND TOUCHE,DELOITTE & TOUCHE
DELOITTE AND TOUCHE,DELOITTE & TOUCHE CONSULTING
DELOITTE AND TOUCHE,DELOITTE & TOUCHE CONSULTING GROUP
DELOITTE AND TOUCHE,DELOITTE & TOUCHE DO NOT USE
DELOITTE AND TOUCHE,DELOITTE & TOUCHE FORENSIC
DELOITTE AND TOUCHE,DELOITTE & TOUCHE GMBH
DELOITTE AND TOUCHE,DELOITTE &TOUCHE LLP
DELOITTE AND TOUCHE,DELOITTE & TOUCHE LLP
DELOITTE AND TOUCHE,DELOITTE & TOUCHE SRL
DELOITTE AND TOUCHE,DELOITTE AND TOUCHE
DELOITTE AND TOUCHE,DELOITTE AND TOUCHE LLP
DELOITTE AND TOUCHE,DELOITTE AND TOUCHE LLP O/A DELOITTE TOUCHE TOHMATSU
DELOITTE AND TOUCHE,DELOITTE CONSULTING
DELOITTE AND TOUCHE,DELOITTE CONSULTING LLP
DELOITTE AND TOUCHE,DELOITTE FINANCE
DELOITTE AND TOUCHE,DELOITTE LLP
DELOITTE AND TOUCHE,DELOITTE LLP OTTAWA
DELOITTE AND TOUCHE,DELOITTE MANAGEMENT SERVICES LP
DELOITTE AND TOUCHE,DELOITTE RECAP
DELOITTE AND TOUCHE,DELOITTE SENCRL
DELOITTE AND TOUCHE,DELOITTE SENCRL/SRL
DELOITTE AND TOUCHE,DELOITTE TOUCHE LLP
DELOITTE AND TOUCHE,DELOITTE TOUCHE TOHMATSU
DELOITTE AND TOUCHE,DELOITTE TOUCHE TOHMATSU CERTIFIED
DELOITTE AND TOUCHE,DELOITTE TOUCHE TOHMATSU CERTIFIED PUBLIC ACCOUNTANTS
DELOITTE AND TOUCHE,SAMSON BELAIR DELOITTE & TOUCHE
DELOITTE AND TOUCHE,TEAM DELOITTE-EWA
DELOITTE AND TOUCHE,TEAM DELOITTE-EWA DELOITTE & TOUCHE LLP AND ELECTRONIC WARFARE ASSOCI
DNR CONSULTING GROUP,DNR-GROUP
DNR CONSULTING GROUP,DNR CONSULTING GROUP
DNR CONSULTING GROUP,DNR CONSUTING GROUP
DNR CONSULTING GROUP,DNR GROUP
DONNA CONA,DONNA CONA
DONNA CONA,DONNA CONA II
EBSCO CANADA,EBSCO
EBSCO CANADA,EBSCO CA
EBSCO CANADA,EBSCO CANADA
EBSCO CANADA,EBSCO CANADA LTA?E
EBSCO CANADA,EBSCO CANADA LTE
EBSCO CANADA,EBSCO CANADA LTEE
EBSCO CANADA,EBSCO CANADA LT̩E
EBSCO CANADA,EBSCO CANADA LT��E
EBSCO CANADA,EBSCO INFORMATION SERVICES
EBSCO CANADA,EBSCO PUBLISHING
ECLIPSYS SOLUTIONS,ECLIPSYS
ECLIPSYS SOLUTIONS,ECLIPSYSA?SOLUTIONS
ECLIPSYS SOLUTIONS,ECLIPSYS SOLUTION
ECLIPSYS SOLUTIONS,ECLIPSYS SOLUTIONS
ELLISDON CORPORATION,ELLISDON CONSTRUCTION SERVICES
ELLISDON CORPORATION,ELLISDON CORPORATION
ELLISDON CORPORATION,ELLISDON CORPORATION HALIFAX
ELLISDON CORPORATION,ELLISDON CORPORATION OTTAWA
ELSEVIER BV,ELSEVIER
ELSEVIER BV,ELSEVIER B V
ELSEVIER BV,ELSEVIER BV
ELSEVIER BV,ELSEVIER BV CORPORATE ACCOUNTS
ELSEVIER BV,ELSEVIER ENGINEERING INFORMATION
ELSEVIER BV,ELSEVIER SCIENCE
ELSEVIER BV,ELSEVIER SCIENCE PUBLISHING
EMS TECHNOLOGIES,EMS TECHNOLOGIES
EMS TECHNOLOGIES,EMS TECHNOLOGIES CANADA
EXCEL HUMAN RESOURCES,ALTIS-EXCEL
EXCEL HUMAN RESOURCES,ALTISEXCELHR IN JOINT VENTURE
EXCEL HUMAN RESOURCES,ALTIS HR AND EXCEL HR IN JOINT VENTURE
EXCEL HUMAN RESOURCES,ALTIS HR AND EXCEL IN JOINT VENTURE
EXCEL HUMAN RESOURCES,ALTISHR EXCELHR IN JOINT VENT
EXCEL HUMAN RESOURCES,ALTISHR EXCELHR IN JOINT VENTURE
EXCEL HUMAN RESOURCES,ALTIS HRO/EXCEL HR/ALTIS HR
EXCEL HUMAN RESOURCES,ALTIS HRO/EXCEL HR/ALTIS HR JV
EXCEL HUMAN RESOURCES,ALTIS HR OTTAWA & EXCELHR-JOINT VENTURE
EXCEL HUMAN RESOURCES,ALTIS HUMAN RESOURCES AND EXCEL HUMAN RESOURCES
EXCEL HUMAN RESOURCES,ALTIS HUMAN RESOURCES OTTAWA AND EXCEL HUMAN RESOURCES IN JOINT VENTURE
EXCEL HUMAN RESOURCES,ALTIS HUMAN RESOURCES OTTAWA EXCEL HUMAN RESOURCES AND ALTIS HUMAN
EXCEL HUMAN RESOURCES,EXCEL
EXCEL HUMAN RESOURCES,EXCEL HR
EXCEL HUMAN RESOURCES,EXCELHR
EXCEL HUMAN RESOURCES,EXCEL HR/ITR
EXCEL HUMAN RESOURCES,EXCELHR AND/OR EXCEL INFORMATION TECHNOLOGY RESOURCES EXCELITR AND/O
EXCEL HUMAN RESOURCES,EXCEL HR COMPUTER SUPPORT
EXCEL HUMAN RESOURCES,EXCEL HR SYLVIE POTVIN
EXCEL HUMAN RESOURCES,EXCEL HUMANE RESOURCES
EXCEL HUMAN RESOURCES,EXCEL HUMAN RESOUCES
EXCEL HUMAN RESOURCES,EXCEL HUMAN RESOURCE
EXCEL HUMAN RESOURCES,EXCEL HUMAN RESOURCES
EXCEL HUMAN RESOURCES,EXCEL HUMAN RESOURCES 102 BANK ST SUITE 300
EXCEL HUMAN RESOURCES,EXCEL HUMAN RESOURCES BRANCH
EXCEL HUMAN RESOURCES,EXCEL HUMAN RESOURCES EXCELITR
EXCEL HUMAN RESOURCES,EXCEL HUMAN RESOURCES IT
EXCEL HUMAN RESOURCES,EXCEL HUMAN RESOURCES OTTAWA
EXCEL HUMAN RESOURCES,EXCEL HUMAN RESOURCES PP
EXCEL HUMAN RESOURCES,EXCEL HUMAN RESOURECES
EXCEL HUMAN RESOURCES,EXCEL HUMAN RESOURSE
EXCEL HUMAN RESOURCES,EXCEL HUMAN RESSOURCES
EXCEL HUMAN RESOURCES,EXCEL HUNMAN RESOURCES
EXCEL HUMAN RESOURCES,EXCEL INFORMATION TECHNOLOGY
EXCEL HUMAN RESOURCES,EXCEL INFORMATION TECHNOLOGY RESOURCES
EXCEL HUMAN RESOURCES,EXCELITR
EXCEL HUMAN RESOURCES,EXCEL ITR
EXCEL HUMAN RESOURCES,EXCEL ITR-EXCEL INFORMATION TECHNOLOGY RESOURCES
EXCEL HUMAN RESOURCES,EXCEL IT RESOURCES
EXCEL HUMAN RESOURCES,EXCELL HR
EXCEL HUMAN RESOURCES,EXCELL HUMAN RESOURCES
EXCEL HUMAN RESOURCES,EXCEL PERSONNEL
EXCEL HUMAN RESOURCES,EXCEL TEMP HELP
EXCEL HUMAN RESOURCES,HR EXCEL
EXCEL HUMAN RESOURCES,TBIPS EXCEL ALTIS HUMAN RESOURCES
FORD MOTOR COMPAMY,FORD DU CANADA E
FORD MOTOR COMPAMY,FORD DU CANADA LIMITA?E
FORD MOTOR COMPAMY,FORD MOTOR
FORD MOTOR COMPAMY,FORD MOTOR CO
FORD MOTOR COMPAMY,FORD MOTOR COMPAGNY OF CANADA
FORD MOTOR COMPAMY,FORD MOTOR COMPAMY
FORD MOTOR COMPAMY,FORD MOTOR COMPANY
FORD MOTOR COMPAMY,FORD MOTOR COMPANY OF CA
FORD MOTOR COMPAMY,FORD MOTOR COMPANY OF CAN
FORD MOTOR COMPAMY,FORD MOTOR COMPANY OF CANADA
FORD MOTOR COMPAMY,FORD MOTOR COMPANY OF CANADA FORD D
FORD MOTOR COMPAMY,FORD MOTOR COMPANY OF CANADA FORD DU CANADA E
FORD MOTOR COMPAMY,FORD MOTOR COMPANY OF CANADA 892183476PG0001
FORD MOTOR COMPAMY,FORD MOTOR COMPANY OF CANADA ATTN JACKIE PAYROLL
FORD MOTOR COMPAMY,FORD MOTOR COMPANY OF CANADA FORD DU CANADA E
FORD MOTOR COMPAMY,FORD MOTOR COMPANY OF CANADS
FORD MOTOR COMPAMY,FORD MOTOR COMPNAY OF CANADA
FORD MOTOR COMPAMY,FORD MOTOR COMP OF CANADA
FORD MOTOR COMPAMY,FORD MOTOR CONPANY OF CANADA
FORD MOTOR COMPAMY,FORD MOTOR CO OF CANADA
FORD MOTOR COMPAMY,FORD MOTORS
G4S SECURITY SERVICES,G4S
G4S SECURITY SERVICES,G4S-SECURITY SERVICES MOCAMBIQUE
G4S SECURITY SERVICES,G4S CASH SERVICES CANADA
G4S SECURITY SERVICES,G4S CASH SOLUTIONS CANADA
G4S SECURITY SERVICES,G4S CASH SOLUTIONS CANADA]
G4S SECURITY SERVICES,G4S DRC SARL
G4S SECURITY SERVICES,G4S FACILITIES MANAGEMENT
G4S SECURITY SERVICES,G4S GUARDING SECURITY SERVICES SA
G4S SECURITY SERVICES,G4S GUVENLIK HIZMETLERI AS
G4S SECURITY SERVICES,G4S INTEGRATED SERVICES GMBH
G4S SECURITY SERVICES,G4S JAMAICA
G4S SECURITY SERVICES,G4S PERU SA
G4S SECURITY SERVICES,G4S QATAR SPC
G4S SECURITY SERVICES,G4S RISK MANAGEMENT
G4S SECURITY SERVICES,G4S SECURE SOLUTION INDIA PRIVATE
G4S SECURITY SERVICES,G4S SECURE SOLUTIONS
G4S SECURITY SERVICES,G4S SECURE SOLUTIONS AG
G4S SECURITY SERVICES,G4S SECURE SOLUTIONS BANGLADESH P
G4S SECURITY SERVICES,G4S SECURE SOLUTIONS BARBADOS
G4S SECURITY SERVICES,G4S SECURE SOLUTIONS CANADA
G4S SECURITY SERVICES,G4S SECURE SOLUTIONS CANADA G4S SOLUTIONS DE SECURITE CANADA
G4S SECURITY SERVICES,G4S SECURE SOLUTIONS CI SA
G4S SECURITY SERVICES,G4S SECURE SOLUTIONS INDIA PRIVAT
G4S SECURITY SERVICES,G4S SECURE SOLUTIONS INDIA PRIVATE
G4S SECURITY SERVICES,G4S SECURE SOLUTIONS INT JORDAN
G4S SECURITY SERVICES,G4S SECURE SOLUTIONS SA
G4S SECURITY SERVICES,G4S SECURE SOLUTIONS SDN BHD
G4S SECURITY SERVICES,G4S SECURE SOLUTIONS TAIWAN LIMIT
G4S SECURITY SERVICES,G4S SECURE SOLUTIONS ZAMBIA
G4S SECURITY SERVICES,G4S SECURE SOLUTION USA
G4S SECURITY SERVICES,G4S SECURITY SERVICES
G4S SECURITY SERVICES,G4S SECURITY SERVICES A/S
G4S SECURITY SERVICES,G4S SECURITY SERVICES BANGLADESH
G4S SECURITY SERVICES,G4S SECURITY SERVICES BDOS
G4S SECURITY SERVICES,G4S SECURITY SERVICES CANADA
G4S SECURITY SERVICES,G4S SECURITY SERVICES CANADA]
G4S SECURITY SERVICES,G4S SECURITY SERVICES CIAA
G4S SECURITY SERVICES,G4S SECURITY SERVICES GH
G4S SECURITY SERVICES,G4S SECURITY SOLUTIONS
G4S SECURITY SERVICES,G4S SECURITY SOLUTIONS CANADA
G4S SECURITY SERVICES,G4S SECURITY SYSTEMS
G4S SECURITY SERVICES,G4S SERVICES DE SA C CURITA C QUA C BEC
G4S SECURITY SERVICES,G4S SOLUCIONES DE SEGURIDAD SA
G4S SECURITY SERVICES,G4S ZHEJIANG SECURE SOLUTIONS CO
G4S SECURITY SERVICES,PT G4S SECURITY SERVICES
G4S SECURITY SERVICES,SECURICOR CASH SERVICE G4S CASH SOLUTIONS CANADA
GENERAL DYNAMICS,GENERAL DYNAMICS
GENERAL DYNAMICS,GENERAL DYNAMICS ADVANCED INFORMATION SYSTEMS
GENERAL DYNAMICS,GENERAL DYNAMICS ADVANCED INFORMATION SYSTEMS GDAIS
GENERAL DYNAMICS,GENERAL DYNAMICS ARMAMENT AND TECHNICAL PRODUCTS
GENERAL DYNAMICS,GENERAL DYNAMICS C4 SYSTEMS
GENERAL DYNAMICS,GENERAL DYNAMICS C4SYSTEMS
GENERAL DYNAMICS,GENERAL DYNAMICS CANADA
GENERAL DYNAMICS,GENERAL DYNAMICS COMMUNICATION SYSTEMS
GENERAL DYNAMICS,GENERAL DYNAMICS DECISIONS SYSTEMS
GENERAL DYNAMICS,GENERAL DYNAMICS DECISION SYSTEMS
GENERAL DYNAMICS,GENERAL DYNAMICS EUROPEAN
GENERAL DYNAMICS,GENERAL DYNAMICS EUROPEAN LAND SYSTEMS
GENERAL DYNAMICS,GENERAL DYNAMICS GLOBAL IMAGING TECHNOLOGIES
GENERAL DYNAMICS,GENERAL DYNAMICS INFORMATION
GENERAL DYNAMICS,GENERAL DYNAMICS INFORMATION TECHNOLOGY CANADA
GENERAL DYNAMICS,GENERAL DYNAMICS LAND
GENERAL DYNAMICS,GENERAL DYNAMICS LAND SYSTEM CANADA CORPORATION
GENERAL DYNAMICS,GENERAL DYNAMICS LAND SYSTEMS
GENERAL DYNAMICS,GENERAL DYNAMICS LAND SYSTEMS CANADA
GENERAL DYNAMICS,GENERAL DYNAMICS LAND SYSTEMS CANADA CORPORATION
GENERAL DYNAMICS,GENERAL DYNAMICS MISSION
GENERAL DYNAMICS,GENERAL DYNAMICS MISSION SYSTEM
GENERAL DYNAMICS,GENERAL DYNAMICS MISSION SYSTEMS
GENERAL DYNAMICS,GENERAL DYNAMICS MISSION SYSTEMS CANADA
GENERAL DYNAMICS,GENERAL DYNAMICS MISSION SYSTEMS IN
GENERAL DYNAMICS,GENERAL DYNAMICS ORDNANCE AND
GENERAL DYNAMICS,GENERAL DYNAMICS ORDNANCE AND TACTICAL SYSTEMS
GENERAL DYNAMICS,GENERAL DYNAMICS ORDNANCE AND TACTICAL SYSTEMS CANADA
GENERAL DYNAMICS,GENERAL DYNAMICS OTS VALLEYFIELD
GENERAL DYNAMICS,GENERAL DYNAMICS PRODUITS DE DEFENSE ET SYSTEMES TACTIQUES CANADA VA
GENERAL DYNAMICS,GENERAL DYNAMICS SANTA BARBARA SISTEMAS GMBH
GENERAL DYNAMICS,GENERAL DYNAMICS SATCOM
GENERAL MOTORS,GENERAL MOTORS
GENERAL MOTORS,GENERAL MOTORS CANADA
GENERAL MOTORS,GENERAL MOTORS OF CA
GENERAL MOTORS,GENERAL MOTORS OF CANADA
GENERAL MOTORS,GENERAL MOTORS OF CANADA 101980753PG001
GENERAL MOTORS,GENERAL MOTORS OF CANADA COMPANY
GENERAL MOTORS,GENERAL MOTORS OF CANADA FLEET SALES DEPT
GENERAL MOTORS,GENERAL MOTORS OF CANADA LTEE
GENERAL MOTORS,GM DEFENSE A DIVISION OF GENERAL MOTORS OF CANADA
GENERAL MOTORS,OSHAWA GENERAL MOTORS OF CANADA
GLAXOSMITHKLINE,GLAXOSMITHKLINE
GLAXOSMITHKLINE,GLAXOSMITHKLINE CONSUMER
GLAXOSMITHKLINE,GLAXOSMITHKLINE CONSUMER HEALTHCARE
HEWLETT PACKARD,AUTONOMY AN HP COMPANY
HEWLETT PACKARD,AUTONOMY HP
HEWLETT PACKARD,EDS HP CANADA
HEWLETT PACKARD,HEWLETT-PACKARD
HEWLETT PACKARD,HEWLETT-PACKARD C/O ZYCOM
HEWLETT PACKARD,HEWLETT-PACKARD CA CO
HEWLETT PACKARD,HEWLETT-PACKARD CANADA
HEWLETT PACKARD,HEWLETT- PACKARD CANADA
HEWLETT PACKARD,HEWLETT-PACKARD CANADA CO
HEWLETT PACKARD,HEWLETT-PACKARD CANADA COBLOCK
HEWLETT PACKARD,HEWLETT-PACKARD CANADA CO C/O MICROAGE
HEWLETT PACKARD,HEWLETT-PACKARD CANADA CO C/O ZYCOM
HEWLETT PACKARD,HEWLETT-PACKARD CANADA CO H
HEWLETT PACKARD,HEWLETT-PACKARD CANADA CO HEWLETT-PACKARD CANADA CIE
HEWLETT PACKARD,HEWLETT-PACKARD CANADA COMPANY
HEWLETT PACKARD,HEWLETT-PACKARD CANADA]
HEWLETT PACKARD,HEWLETT-PACKARD CANADA] CO
HEWLETT PACKARD,HEWLETT-PACKARD FINANCIAL SERVICES
HEWLETT PACKARD,HEWLETT-PACKARD STATION J
HEWLETT PACKARD,HEWLETT MINPACO
HEWLETT PACKARD,HEWLETT PACKARD
HEWLETT PACKARD,HEWLETT PACKARD C/O MICROAGE
HEWLETT PACKARD,HEWLETT PACKARD CANADA
HEWLETT PACKARD,HEWLETT PACKARD CANADA C/O FOXWISE TECHNOLOGIES
HEWLETT PACKARD,HEWLETT PACKARD CANADA CO
HEWLETT PACKARD,HEWLETTPACKARD CANADA CO
HEWLETT PACKARD,HEWLETT PACKARD CANADA LT
HEWLETT PACKARD,HEWLETT PACKARD CANADA RESELLER- CLICK-INTO
HEWLETT PACKARD,HEWLETT PACKARD CANADA]
HEWLETT PACKARD,HEWLETT PACKARD COMPANY
HEWLETT PACKARD,HEWLETT PACKARD ENTERPRISE
HEWLETT PACKARD,HEWLETT PACKARD ENTERPRISE CANADA
HEWLETT PACKARD,HEWLETT PACKARD ENTERPRISE CANADA C
HEWLETT PACKARD,HEWLETT PACKARD ENTERPRISE CANADA CO
HEWLETT PACKARD,HEWLETT PACKARD ENTREPRISE
HEWLETT PACKARD,HEWLETT PACKARD METAFORE
HEWLETT PACKARD,HEWLETT PACKARD RESELLER IMP SOLUTIONS
HEWLETT PACKARD,HEWLETT PARCKARD
HEWLETT PACKARD,HP AUTONOMY
HEWLETT PACKARD,HP CANADA
HEWLETT PACKARD,HP CANADA CO
HEWLETT PACKARD,HP CANANDA CO
HEWLETT PACKARD,HP CORP
HEWLETT PACKARD,HPE
HEWLETT PACKARD,HP ENTERPRISE CANADA CO
HEWLETT PACKARD,HP ENTERPRISE SERVICES
HEWLETT PACKARD,HP METAFORE
HEWLETT PACKARD,HP METAFORE TECHNOLOGIES
HEWLETT PACKARD,HP RESELLER MICROAGE
HEWLETT PACKARD,HYPERTEC HEWLETT PACKARD RESELLER
HEWLETT PACKARD,HYPERTEC SYSTEMS HEWLETT PACKARD RESELLER
HEWLETT PACKARD,ITEX HEWLETT PACKARD
HEWLETT PACKARD,METAFORE RESELLER HP CANADA
HEWLETT PACKARD,RVD HEWLETT PACKARD
HEWLETT PACKARD,XWAVE CARE OF HP
HITACHI DATA SYSTEMS,HITACHI DATA SYSTEM
HITACHI DATA SYSTEMS,HITACHI DATA SYSTEMS
HITACHI DATA SYSTEMS,HITACHI DATA SYSTEMS T46152
HITACHI DATA SYSTEMS,HITACHI DATAT SYSTEMS
HITACHI DATA SYSTEMS,HITACHI HIGH-TECHNOLOGIES
HITACHI DATA SYSTEMS,HITACHI HIGH-TECHNOLOGIES CANADA
HITACHI DATA SYSTEMS,HITACHI HIGH TECHNOLOGIES
HITACHI DATA SYSTEMS,HITACHI HIGH TECHNOLOGIES CANADA
HITACHI DATA SYSTEMS,HITACHI HIGHT TECHNOLOGIE
HITACHI DATA SYSTEMS,HITACHI SOFTWARE ENGINEERING AMERIC
HITACHI DATA SYSTEMS,HITACHI SOFTWARE ENGINEERING AMERICA
HITACHI DATA SYSTEMS,HITACHI VANTARA
HOGG ROBINSON CANADA,HOGG ROBINSON CANADA
HOGG ROBINSON CANADA,HOGG ROBINSON PLC
IBISKA TELECOM,ELYTRA-IBISKA JV ELYTRA ENTERPRISE
IBISKA TELECOM,ELYTRA-IBISKA JV ELYTRA ENTERPRISES AND IBISKA TELECOM IN
IBISKA TELECOM,ELYTRA ENTREPRISES & IBISKA TELECOM JV
IBISKA TELECOM,ELYTRA INTERPRISES AND IBISKA JV
IBISKA TELECOM,IBISKA
IBISKA TELECOM,IBISKA TELECOM
IBISKA TELECOM,IBISKA TELECOM AND C M AS A CONTRACTUAL JOINT VENTURE
IBISKA TELECOM,IBISKA TELECOM AND CM IN JOINT VENTURE
IBM CANADA,2026695 IBM CANADA
IBM CANADA,COGNOS
IBM CANADA,COGNOS ULC
IBM CANADA,COGNOS USER CONFERENCE
IBM CANADA,DONNA CONA IBM CANADA IN
IBM CANADA,DONNA CONA IBM CANADA IN JOINT VENTURE
IBM CANADA,GROUPE LGS-IBM
IBM CANADA,IBM
IBM CANADA,IBM BELGIUM NV SV PLI-GLOBAL
IBM CANADA,IBM BUSINESS CONSULTING SERVICES
IBM CANADA,IBM BUSINESS CONSULTING SERVICES M
IBM CANADA,IBM CAN*91898807
IBM CANADA,IBM CANADA
IBM CANADA,IBM CANADA IBM CANADA LIMITA?E
IBM CANADA,IBM CANADA IBM CANADA LIMITIE
IBM CANADA,IBM CANADA 16TH FLOOR
IBM CANADA,IBM CANADA 16TH FLOOR SUITE 1610
IBM CANADA,IBM CANADA 102444452PG0014
IBM CANADA,IBM CANADA ATTN KAREN CRAWFORD
IBM CANADA,IBM CANADA LTA C E
IBM CANADA,IBM CANADA LTEE
IBM CANADA,IBM CANADA M2108
IBM CANADA,IBM CANADA MARKHAM
IBM CANADA,IBM CANADA MARKHAM ON
IBM CANADA,IBM CANADA OTTAWA
IBM CANADA,IBM CANADA T-5044
IBM CANADA,IBM CDA
IBM CANADA,IBM CNADA
IBM CANADA,IBM COGNOS
IBM CANADA,IBM CORPORATION
IBM CANADA,IBM GLOBAL BUSINESS SERVICES
IBM CANADA,IBM GLOBAL SERVICES
IBM CANADA,IBM GLOBAL TECHNOLOGY SERVICES
IBM CANADA,IBM SECURITY SOLUTIONS LEADER
IBM CANADA,IBM SOFTWARE CONSOLIDATION
IBM CANADA,SPSS AN IBM COMPANY
IMPERIAL OIL,ESSO IMPERIAL OIL
IMPERIAL OIL,ESSO PETROLEUM CANADA IMPERIAL OIL
IMPERIAL OIL,EXXIONMOBIL AVIATION IMPERIAL OIL
IMPERIAL OIL,EXXONMOBIL/IMPERIAL OIL
IMPERIAL OIL,EXXONMOBIL AVIATION AKA IMPERIAL OIL
IMPERIAL OIL,EXXONMOBIL AVIATION IMPERIAL OIL
IMPERIAL OIL,EXXONMOBIL IMPERIAL OIL
IMPERIAL OIL,IMPERIAL
IMPERIAL OIL,IMPERIAL AVIATION
IMPERIAL OIL,IMPERIAL ESSO
IMPERIAL OIL,IMPERIAL ESSO OIL
IMPERIAL OIL,IMPERIAL OIIL
IMPERIAL OIL,IMPERIAL OIL
IMPERIAL OIL,IMPERIAL OIL/EXXONMOBIL
IMPERIAL OIL,IMPERIAL OIL/EXXON MOBIL
IMPERIAL OIL,IMPERIAL OIL AND MCCOLL-FRONTENAC PETROLEUM
IMPERIAL OIL,IMPERIAL OIL AND MCCOLL FRONTENAC PETROLEUM NOCO FUELS CANADA LP
IMPERIAL OIL,IMPERIAL OIL AND MCCOLL FRONTENAC PETROLIUM NOCO FUELS CANADA LP
IMPERIAL OIL,IMPERIAL OIL A PARTNERSHIP OF IMPERIAL OIL
IMPERIAL OIL,IMPERIAL OIL COMMERCIAL
IMPERIAL OIL,IMPERIAL OIL ESSO
IMPERIAL OIL,IMPERIAL OIL ESSO EXXONMOBIL AVIATION
IMPERIAL OIL,IMPERIAL OIL ESSO LT5D
IMPERIAL OIL,IMPERIAL OIL EXXON
IMPERIAL OIL,IMPERIAL OIL EXXONMOBIL
IMPERIAL OIL,IMPERIAL OIL EXXONMOBIL AVIATION
IMPERIAL OIL,IMPERIAL OIL FUEL EX ENERGY
IMPERIAL OIL,IMPERIAL OIL IMPERIAL OIL
IMPERIAL OIL,IMPERIAL OIL LDT
IMPERIAL OIL,IMPERIAL OIL MACDOUGALL ENERGY
IMPERIAL OIL,IMPERIAL OIL MCCOLL-FRONTENAC PETROLEUM
IMPERIAL OIL,IMPERIAL OIL PETROLEUM AND CHEMICALS DIVISION
IMPERIAL OIL,IMPERIAL OIL PORDUCTS AND CHEMICALS DIVISIONS
IMPERIAL OIL,IMPERIAL OIL PRODCUTS
IMPERIAL OIL,IMPERIAL OIL PRODLUCTS
IMPERIAL OIL,IMPERIAL OIL PRODUCT
IMPERIAL OIL,IMPERIAL OIL PRODUCTS
IMPERIAL OIL,IMPERIAL OIL PRODUCTS AD CHEMICALS DIVISION
IMPERIAL OIL,IMPERIAL OIL PRODUCTS AND CHEMICALS DIVISION
IMPERIAL OIL,IMPERIAL OIL PRODUCTS AND CHMICALS DIVISION
IMPERIAL OIL,IMPERIAL OIL PRODUCTS DIVISION
IMPERIAL OIL,IMPERIAL OIS
IMPERIAL OIL,IMPERIAL OIT
IMPERIAL OIL,IMPERIAL OIUL
IMPERIAL OIL,IMPERIAL OLI
IMPERIAL OIL,PETROLIERE IMPERIALE
IMP GROUP,IMP GROUP
IMP GROUP,IMP GROUP/IMP SOLUTIONS
IMP GROUP,IMP GROUP OAK ISLAND INN
IMP GROUP,IMP GROUP AEROSPACE DIVISION
IMP GROUP,IMP GROUP IMP SOLUTIONS
IMP GROUP,IMP GROUP INDUSTRAIL MARINE PRODUCTS DIVISION
IMP GROUP,IMP GROUP SOLUTIONS
IMP GROUP,IMP SOLUTIONS C/O IMP GROUP
INMARSAT SOLUTIONS,INMARSAT
INMARSAT SOLUTIONS,INMARSAT SOLUTIONS
INMARSAT SOLUTIONS,INMARSAT SOLUTIONS CANADA
INSIGHT SOFTWARE CANADA,INSIGHT SOFTWARE CANADA
INSIGHT SOFTWARE CANADA,INSIGHT SOFTWARE SPECTRUM
INSIGHT SOFTWARE CANADA,INSIGHT SOFTWARE SPECTRUM CANADA
INSIGHT SOFTWARE CANADA,MSLIGP O/A MICROSOFT LICENSING C/O INSIGHT SOFTWARE CANADA
INSIGHT SOFTWARE CANADA,MSLIGP O/A MICROSOFT LICENSING C/O SOFTWARE SPECTRUM
INSIGHT SOFTWARE CANADA,SOFTWARE SPECTRUM
INSIGHT SOFTWARE CANADA,SOFTWARE SPECTRUM CANADA
IRVING SHIPBUILDING,IRVING SHIPBUILDING
IRVING SHIPBUILDING,IRVING SHIP BUILDING
IRVING SHIPBUILDING,IRVING SHIPBUILDING INDUSTRIES
IRVING SHIPBUILDING,IRVING SHIPBUILDING\LES CHANTIERS MARITIME IRVING
IT/NET CONSULTANTS,IT/NET
IT/NET CONSULTANTS,IT/NET-OTTAWA
IT/NET CONSULTANTS,IT/NET-OTTAWA ITNET
IT/NET CONSULTANTS,IT/NET-OTTAWA KPMG LLP IN JOINT VENTURE
IT/NET CONSULTANTS,IT/NET CONSULTANT
IT/NET CONSULTANTS,IT/NET CONSULTANTS
IT/NET CONSULTANTS,IT/NET CONSULTANTS IN MANAGEMENT & TECHNOLOGY
IT/NET CONSULTANTS,IT/NET OTTAWA
IT/NET CONSULTANTS,IT/NET OTTAWA CONSULTANTS IN MANAGEMENT & TECHNOLOGY
IT/NET CONSULTANTS,IT/NET OTTAWA O/A IT/NET
IT/NET CONSULTANTS,IT/NET OTTAWA THERESA MACQUILKIN
IT/NET CONSULTANTS,TEAM IT/NET
ITEX,ITEX
ITEX,ITEX/TIG
ITEX,ITEX AND IDS SYSTEMS
ITEX,ITEX AND IDS SYSTEMS CONSULTANTS AS A CONTRACTUAL JOINT VENT
ITEX,ITEX AND JHT DEFENCE
ITEX,ITEX DBA TECHNOLOGY
ITEX,ITEX DBA TECHNOLOGY INTEGRATION GROUP
ITEX,ITEX ENERPRISE SOLUTIONS
ITEX,ITEX ENTERPRISE
ITEX,ITEX ENTERPRISES
ITEX,ITEX ENTERPRISE SERVICES
ITEX,ITEX ENTERPRISE SOLUTION
ITEX,ITEX ENTERPRISE SOLUTIONS
ITEX,ITEX ENTERPRISES SOLUTIONS
ITEX,ITEX ENTREPRISE SOLUTIONS
ITEX,ITEX SOLUTIONS
ITEX,ITEX TECHNOLOGY
ITEX,TIG ITEX
KELOWNA FLIGHTCRAFT,KELOWNA FLIGHTCRAFT
KELOWNA FLIGHTCRAFT,KELOWNA FLIGHTCRAFT AIR CHARTER
L3 COMMUNICATIONS,L3 APPLIED TECHNOLOGIES
L3 COMMUNICATIONS,L3 COMMUNICATION LINK
L3 COMMUNICATIONS,L3 COMMUNICATIONS
L3 COMMUNICATIONS,L3 COMMUNICATIONS CORPORATION
L3 COMMUNICATIONS,L3 COMMUNICATIONS CORPORATION GCS DIVISION
L3 COMMUNICATIONS,L3 COMMUNICATIONS ELECTRODYNAMICS
L3 COMMUNICATIONS,L3 COMMUNICATIONS EO/IR
L3 COMMUNICATIONS,L3 COMMUNICATIONS ESS
L3 COMMUNICATIONS,L3 COMMUNICATIONS SPAR AEROSPACE
L3 COMMUNICATIONS,L3 COMMUNICATIONS SYSTEMS EAST
L3 COMMUNICATIONS,L3 ELECTRONIC SYSYTEM SERVICES
L3 COMMUNICATIONS,L3 TECHNOLOGIES
L3 COMMUNICATIONS,L3COMMUNICATIONS
L3 COMMUNICATIONS,L3COMMUNICATIONS-AVIONICS SYSTEMS
L3 COMMUNICATIONS,NET-L3COM
LOCKHEED MARTIN,LOCKHEED MARTIN
LOCKHEED MARTIN,LOCKHEED MARTIN AERONAUTICAL SYSTEMS CO
LOCKHEED MARTIN,LOCKHEED MARTIN AERONAUTICS COMPANY
LOCKHEED MARTIN,LOCKHEED MARTIN AERONAUTICS GLOBAL SUPPLY CHAIN SERVICES
LOCKHEED MARTIN,LOCKHEED MARTIN AERONAUTICS SERVICES INTERNATIONAL
LOCKHEED MARTIN,LOCKHEED MARTIN AIRCRAFT & LOGISITICS CENTERS
LOCKHEED MARTIN,LOCKHEED MARTIN AIRCRAFT & LOGISTICS CENTERS
LOCKHEED MARTIN,LOCKHEED MARTIN CANADA
LOCKHEED MARTIN,LOCKHEED MARTIN CANADA CDL SYSTEMS
LOCKHEED MARTIN,LOCKHEED MARTIN CORPORATION
LOCKHEED MARTIN,LOCKHEED MARTIN CORPORATION MARITIME SYSTEMS AND SENSORS
LOCKHEED MARTIN,LOCKHEED MARTIN CORPORATION TRANSP & SECURITY SOLUTIONS
LOCKHEED MARTIN,LOCKHEED MARTIN GLOBAL
LOCKHEED MARTIN,LOCKHEED MARTIN INFORMATION SYSTEMS UK
LOCKHEED MARTIN,LOCKHEED MARTIN MARITIME SYSTEMS & SENSORS
LOCKHEED MARTIN,LOCKHEED MARTIN MISSILES AND FIRE CONTROL
LOCKHEED MARTIN,LOCKHEED MARTIN NAVAL ELECTRONICS & SURVEILLANCE SYSTEMS
LOCKHEED MARTIN,LOCKHEED MARTIN NESS-MARINE SYSTEMS
LOCKHEED MARTIN,LOCKHEED MARTIN OVERSEAS CORPORATION
LOCKHEED MARTIN,LOCKHEED MARTIN OVERSEAS SERVICES CORPORATION
LOCKHEED MARTIN,LOCKHEED MARTIN SERVICES
LOCKHEED MARTIN,LOCKHEED MARTIN SIPPICAN
LOCKHEED MARTIN,LOCKHEED MARTIN SPACE OPERATION
LOCKHEED MARTIN,LOCKHEED MARTIN UK INTEGRATED SYSTEMS AND SOLUTIONS
LOGISTIK UNICORP,LOGISTIK
LOGISTIK UNICORP,LOGISTIK INICORP
LOGISTIK UNICORP,LOGISTIKS UNICORP
LOGISTIK UNICORP,LOGISTIK UNICORP
LOGISTIK UNICORP,LOGISTIK UNICORPS
LOGISTIK UNICORP,LOGISTIK UNICROP
MACDONALD DETTWILER AND ASSOCIATES,DIGITAL GLOBE C/O MDA GEOSPATIAL SERVICES
MACDONALD DETTWILER AND ASSOCIATES,MACDONALD DETT
MACDONALD DETTWILER AND ASSOCIATES,MACDONALD DETTWILER & ASSOCIATES
MACDONALD DETTWILER AND ASSOCIATES,MACDONALD DETTWILER & ASSOCOIATES
MACDONALD DETTWILER AND ASSOCIATES,MACDONALD DETTWILER AND
MACDONALD DETTWILER AND ASSOCIATES,MACDONALD DETTWILER AND ASS
MACDONALD DETTWILER AND ASSOCIATES,MACDONALD DETTWILER AND ASSOCIATES
MACDONALD DETTWILER AND ASSOCIATES,MACDONALD DETTWILER AND ASSOCIATES CORPORATION
MACDONALD DETTWILER AND ASSOCIATES,MACDONALD DETTWILER SPACE AND
MACDONALD DETTWILER AND ASSOCIATES,MACDONALD DETWILLER AND
MACDONALD DETTWILER AND ASSOCIATES,MDA
MACDONALD DETTWILER AND ASSOCIATES,MDA AVIATION REGD
MACDONALD DETTWILER AND ASSOCIATES,MDA CONTROLS
MACDONALD DETTWILER AND ASSOCIATES,MDA GEOSPATIAL
MACDONALD DETTWILER AND ASSOCIATES,MDA GEOSPATIAL SERICES
MACDONALD DETTWILER AND ASSOCIATES,MDA GEOSPATIAL SERIVES
MACDONALD DETTWILER AND ASSOCIATES,MDA GEOSPATIAL SERVICE
MACDONALD DETTWILER AND ASSOCIATES,MDA GEOSPATIAL SERVICES
MACDONALD DETTWILER AND ASSOCIATES,MDA GEOSPATICAL SERVICES
MACDONALD DETTWILER AND ASSOCIATES,MDA GEOSPTATIAL SERVICES
MACDONALD DETTWILER AND ASSOCIATES,MDA SPACE
MACDONALD DETTWILER AND ASSOCIATES,MDA SYSTEMS
MAPLE REINDERS CONSTRUCTORS,MAPLE REINDERS
MAPLE REINDERS CONSTRUCTORS,MAPLE REINDERS CONSTRUCTORS
MAPLESOFT CONSULTING,MAPLESOFT
MAPLESOFT CONSULTING,MAPLESOFT ADMINISTRATIVE SERVICES
MAPLESOFT CONSULTING,MAPLESOFT ADMINISTRATIVE SERVICES I
MAPLESOFT CONSULTING,MAPLESOFT COMPUTING
MAPLESOFT CONSULTING,MAPLESOFT CONSULTING
MAPLESOFT CONSULTING,MAPLESOFT CONSULTING O/A MAPLESOFT GROUP
MAPLESOFT CONSULTING,MAPLESOFT GROUP
MAPLESOFT CONSULTING,MAPLESOFT LEGAL SUPPORT SERVICES
MAPLESOFT CONSULTING,MAPLESOFT TECHNOLOGY
MAPLESOFT CONSULTING,MCS MAPLESOFT CONSULTING
MAPLESOFT CONSULTING,MSC MAPLESOFT
MAPLESOFT CONSULTING,MSC MAPLESOFT CONSULTING
MAPLESOFT CONSULTING,MSC MAPLESOFT CONSULTING IN
MAPLESOFT CONSULTING,TBIPS MAPLESOFT CONSULTING
MARCOMM,MARCOMM
MARCOMM,MARCOMM FIBRE OPTICS
MARCOMM,MARCOMM INTEGRATED BUSINESS SOLUTIONS
MARCOMM,MARCOMM SC 360
MARCOMM,MARCOMM SYSTEMS GROUP
MCAFEE INTERNATIONAL,MCAFEE INTERNATIONAL
MCAFEE INTERNATIONAL,MCAFEE INTERNATIONAL B V
MCAFEE INTERNATIONAL,MCAFEE IRELAND
MCKESSON CANADA,MCKESSON
MCKESSON CANADA,MCKESSON AUTOMATION CANADA
MCKESSON CANADA,MCKESSON AUTOMATION CANADA CORPORATION
MCKESSON CANADA,MCKESSON CA
MCKESSON CANADA,MCKESSON CA CORPORATION
MCKESSON CANADA,MCKESSON CANADA
MCKESSON CANADA,MCKESSON CANADA CORPORATION
MCKESSON CANADA,MCKESSON DISTRIBUTION PARTNERS
MEDAVIE,MEDAVIE
MEDAVIE,MEDAVIE EMS
MEDAVIE,MEDAVIE HEALTHED
MICROSOFT CANADA,MICROSOFT
MICROSOFT CANADA,MICROSOFT CANADA
MICROSOFT CANADA,MICROSOFT CANADA ATT PAT BRISCOE
MICROSOFT CANADA,MICROSOFT CANADA CO
MICROSOFT CANADA,MICROSOFT CANADA COMPANY
MICROSOFT CANADA,MICROSOFT CANADA CO MSLIGP
MICROSOFT CANADA,MICROSOFT CANADA MISSISSAUGA
MICROSOFT CANADA,MICROSOFT CANADA OTTAWA
MICROSOFT CANADA,MICROSOFT CONSULTING SERVICES
MICROSOFT CANADA,MICROSOFT CONSULTING SERVICES MCS
MICROSOFT CANADA,MICROSOFT CORP
MICROSOFT CANADA,MICROSOFT CORPOARATION
MICROSOFT CANADA,MICROSOFT CORPOARATION WRC-CA
MICROSOFT CANADA,MICROSOFT CORPORATION
MICROSOFT CANADA,MICROSOFT CORPORATION ONE MICROSOFT WAY SAMM-D
MICROSOFT CANADA,MICROSOFT CORPORATION REDMOND USA
MICROSOFT CANADA,MICROSOFT CORPORATION REDMOND WA USA
MICROSOFT CANADA,MICROSOFT ENTREPRISE AGREEMENT
MICROSOFT CANADA,MICROSOFT LICENCING GP
MICROSOFT CANADA,MICROSOFT LICENSES SOFTWARE HOUSE INTERNATIONAL
MICROSOFT CANADA,MICROSOFT LICENSING
MICROSOFT CANADA,MICROSOFT LICENSING GP
MICROSOFT CANADA,MICROSOFT LICENSING GP MSLI GP
MICROSOFT CANADA,MICROSOFT LICENSING GP WRC-CA
MICROSOFT CANADA,MICROSOFT LICENSING GROUP
MICROSOFT CANADA,MICROSOFT SERVICES
MICROSOFT CANADA,MICROSOFT TECHNOLOGIES
MICROSOFT CANADA,MSLI MICROSOFT LICENSING GP
MINDWIRE SYSTEMS,MINDWIRE
MINDWIRE SYSTEMS,MINDWIRE SYSTEMS
MINDWIRE SYSTEMS,MINDWIRE SYSTEMS DBA ZYLOG OTTAWA
MINDWIRE SYSTEMS,MINDWIRE ZYLOG
MINDWIRE SYSTEMS,ZYLOG SYSTEM OTTAWA
MINDWIRE SYSTEMS,ZYLOG SYSTEMS
MINDWIRE SYSTEMS,ZYLOG SYSTEMS OTTAWA
MINDWIRE SYSTEMS,ZYLOG SYSTEMS OTTAWA O/A BRAINHUNTER
MINDWIRE SYSTEMS,ZYLOG SYSTEMS OTTAWA]
MODIS CANADA,AJILON CANADA MODIS
MODIS CANADA,MODIS
MODIS CANADA,MODIS AJILON
MODIS CANADA,MODIS CANADA
MODIS CANADA,MODIS CDA
MODIS CANADA,TEAM MODIS
MOTOROLA SOLUTIONS CANADA,MOTOROLA
MOTOROLA SOLUTIONS CANADA,MOTOROLA- MDUG
MOTOROLA SOLUTIONS CANADA,MOTOROLA CANADA
MOTOROLA SOLUTIONS CANADA,MOTOROLA CANADA E
MOTOROLA SOLUTIONS CANADA,MOTOROLA CANDA
MOTOROLA SOLUTIONS CANADA,MOTOROLA CNADA
MOTOROLA SOLUTIONS CANADA,MOTOROLA NATIONAL PARTS
MOTOROLA SOLUTIONS CANADA,MOTOROLA SOLTUIONS CANADA
MOTOROLA SOLUTIONS CANADA,MOTOROLA SOLUCTIONS CANADA
MOTOROLA SOLUTIONS CANADA,MOTOROLA SOLUTIONS
MOTOROLA SOLUTIONS CANADA,MOTOROLA SOLUTIONS CANADA
MOTOROLA SOLUTIONS CANADA,MOTOROLA SOLUTIONS CANADIAN
MOTOROLA SOLUTIONS CANADA,MOTOROLA SOLUTIONS CNAADA
MTS ALLSTREAM,ALLSTREAM
MTS ALLSTREAM,ALLSTREAM CORP
MTS ALLSTREAM,ALLSTREAM CORPORATION
MTS ALLSTREAM,ALLSTREAM FORMERLY QUNARA
MTS ALLSTREAM,ALLSTREAM IT SERVICES
MTS ALLSTREAM,ALLSTREAM IT SERVICES A DIVISION OF MTS ALLSTREAM
MTS ALLSTREAM,ALLSTREAM IT SERVICES ALLSTREAM CORP
MTS ALLSTREAM,MTS
MTS ALLSTREAM,MTS ADVANCED
MTS ALLSTREAM,MTS ALLSTEAM
MTS ALLSTREAM,MTS ALLSTREAM
MTS ALLSTREAM,MTS ALLSTREAM FORMERLY QUNARA
MTS ALLSTREAM,MTS ALLSTREAM WINNIPEG
MTS ALLSTREAM,MTS COMMUNICATIONS
MTS ALLSTREAM,MTSE
MTS ALLSTREAM,MTS MEDIA
MTS ALLSTREAM,MTS SYSTEM CORPORATION
MTS ALLSTREAM,MTS SYSTEMS CORP
MTS ALLSTREAM,MTS SYSTEMS CORP C/O INTERTECHNOLOGY
MTS ALLSTREAM,MTS SYSTEMS CORPORATION
MTS ALLSTREAM,MTS TESTING SYSTEMS CANADA
MOBILSHRED (RECALL),MOBILSHRED
MOBILSHRED (RECALL),MOBILSHRED OPERATING AS RECAL
MOBILSHRED (RECALL),MOBILSHRED OPERATING AS RECALL
MOBILSHRED (RECALL),MOBILSHRED RECALL
NISHA TECHONOLOGIES,CONTRACT COMMUNITY/NISHA TECHNOLOGIES IN JOINT-VENTURE
NISHA TECHONOLOGIES,CONTRACT COMMUNITY NISHA TECHNOLOGIES
NISHA TECHONOLOGIES,NISHA
NISHA TECHONOLOGIES,NISHA-TECHNOLOGIES
NISHA TECHONOLOGIES,NISHA TECH
NISHA TECHONOLOGIES,NISHATECH
NISHA TECHONOLOGIES,NISHA TECHNOLGIES
NISHA TECHONOLOGIES,NISHA TECHNOLOGIE
NISHA TECHONOLOGIES,NISHA TECHNOLOGIES
NISHA TECHONOLOGIES,NISHATECHNOLOGIES
NISHA TECHONOLOGIES,NISHA TECHNOLOGIES CONTRACT
NISHA TECHONOLOGIES,NISHA TECHNOLOGIESI
NISHA TECHONOLOGIES,NISHA TECHNOLOGIESINC
NISHA TECHONOLOGIES,NISHA TECHNOLOGY
NISHA TECHONOLOGIES,NISHA TECHNOLOIES
NISHA TECHONOLOGIES,NISHA TECHNOLOLIES
NISHA TECHONOLOGIES,NISHA TECHOLOGIES
NISHA TECHONOLOGIES,NISHA TECHONOLGIES
NISHA TECHONOLOGIES,NISHA TECHONOLIGIES
NISHA TECHONOLOGIES,NISHA TECHONOLOGIE
NISHA TECHONOLOGIES,NISHA TECHONOLOGIES
NISHA TECHONOLOGIES,NISHA TECNOLOGIES
NISHA TECHONOLOGIES,THE NISHA GROUP
NORTHERN MICRO,DONNA CONA C/O NORTHERN MICRO
NORTHERN MICRO,DONNA CONA RESELLER NORTHERN MICRO
NORTHERN MICRO,EMC/NORTHERN MICRO
NORTHERN MICRO,EMC NORTHERN MICRO
NORTHERN MICRO,NORTHERN MICRO
NORTHERN MICRO,NORTHERN MICRO CARE OF XEROX
NORTHERN MICRO,NORTHERN MICRO O/A NORTHERN MICRO
NORTHERN MICRO,NORTHERN MICRO QUEBEC
NORTHERN MICRO,SYSTEMS INTEGRATION NORTHERN MICRO/DONNA CONA
NOVELL CANADA,NOVELL
NOVELL CANADA,NOVELL CANADA
NOVELL CANADA,NOVELL CANADA ONTARIO
OEI KRUEGER,OEI
OEI KRUEGER,OEI KRUEGER INTERNATIONAL
ORACLE CANADA,ORACLE
ORACLE CANADA,ORACLE CANADA
ORACLE CANADA,ORACLE CANADA ULC
ORACLE CANADA,ORACLE CANADA ULC OTTAWA ON
ORACLE CANADA,ORACLE CORP
ORACLE CANADA,ORACLE CORP CANADA
ORACLE CANADA,ORACLE CORPORATION
ORACLE CANADA,ORACLE CORPORATION CANADA
ORACLE CANADA,ORACLE CORPORATION CANADA I
ORACLE CANADA,ORACLE CORPORATIONS CANADA
ORACLE CANADA,ORACLE FOR ADP SOFTWARE
PCL CONSTRUCTORS,NISHI-KHON/PCL CONSTRUCTORS
PCL CONSTRUCTORS,PCL-MAXAM A JOINT VENTURE
PCL CONSTRUCTORS,PCL/ED A JOINT VENTURE
PCL CONSTRUCTORS,PCL CONSTRUCTION MANAGEMENT
PCL CONSTRUCTORS,PCL CONSTRUCTION MANAGMENT
PCL CONSTRUCTORS,PCL CONSTRUCTORS CANADA
PCL CONSTRUCTORS,PCL CONSTRUCTORS CANADA DARTMOUTH
PCL CONSTRUCTORS,PCL CONSTRUCTORS EASTERN
PCL CONSTRUCTORS,PCL CONSTRUCTORS EASTERN NEPEAN
PCL CONSTRUCTORS,PCL CONSTRUCTORS EASTERN QUEBEC
PCL CONSTRUCTORS,PCL CONSTRUCTORS NORTH
PCL CONSTRUCTORS,PCL CONSTRUCTORS NORTHERN
PCL CONSTRUCTORS,PCL CONSTRUCTORS WESTCOAST
PCL CONSTRUCTORS,PCL MAXAM
PCL CONSTRUCTORS,PCL MAXAM A JOINT VENTURE
PCL CONSTRUCTORS,PCL MAXIM A JOINT VENTURE
PITNEY BOWES,PITNEY BOWES
PITNEY BOWES,PITNEY BOWES BUSINESS INSIGHT
PITNEY BOWES,PITNEY BOWES CANADA
PITNEY BOWES,PITNEY BOWES CDA
PITNEY BOWES,PITNEY BOWES DANKA
PITNEY BOWES,PITNEY BOWES DU CANADA
PITNEY BOWES,PITNEY BOWES FINAN
PITNEY BOWES,PITNEY BOWES GLOBAL
PITNEY BOWES,PITNEY BOWES GLOBAL CREDIT SERVICES
PITNEY BOWES,PITNEY BOWES HONG KONG
PITNEY BOWES,PITNEY BOWES LEASING
PITNEY BOWES,PITNEY BOWES MAPINFO
PITNEY BOWES,PITNEY BOWES MAP INFO CANADA
PITNEY BOWES,PITNEY BOWES OF CAN
PITNEY BOWES,PITNEY BOWES OF CANADA
PITNEY BOWES,PITNEY BOWES OF CANADA POSTAGE BY PHONE
PITNEY BOWES,PITNEY BOWES OF CANDA
PITNEY BOWES,PITNEY BOWES POSTAGE BY PHONE
PITNEY BOWES,PITNEY BOWES SOFTWARE
PITNEY BOWES,PITNEY BOWES SOFTWARE CANADA
PITNEY BOWES,POSTAGE BY PHONE-PITNEY BOWES
PITNEY BOWES,POSTAGE BY PHONE-PITNEY BOWES LT
PITNEY BOWES,POSTAGE BY PHONE/PITNEY BOWES
POMERLEAU,POMERLEAU
POMERLEAU,POMERLEAU BEDFORD
POMERLEAU,POMERLEAU DARMOUTH
POMERLEAU,POMERLEAU MONTRA C AL
POMERLEAU,POMERLEAU QUA C BEC
PRICEWATERHOUSE COOPERS,PRICEWATERHOUSE
PRICEWATERHOUSE COOPERS,PRICE WATER HOUSE
PRICEWATERHOUSE COOPERS,PRICEWATERHOUSE COOPER
PRICEWATERHOUSE COOPERS,PRICEWATERHOUSECOOPERLLP
PRICEWATERHOUSE COOPERS,PRICEWATERHOUSECOOPER LLP
PRICEWATERHOUSE COOPERS,PRICEWATERHOUSE COOPERS
PRICEWATERHOUSE COOPERS,PRICEWATERHOUSECOOPERS
PRICEWATERHOUSE COOPERS,PRICEWATERHOUSECOOPERS AUDIT SRL
PRICEWATERHOUSE COOPERS,PRICEWATERHOUSE COOPERS JJP
PRICEWATERHOUSE COOPERS,PRICEWATERHOUSECOOPERS LDA
PRICEWATERHOUSE COOPERS,PRICEWATERHOUSE COOPERS LLP
PRICEWATERHOUSE COOPERS,PRICE WATERHOUSE COOPERS LLP
PRICEWATERHOUSE COOPERS,PRICEWATERHOUSECOOPERS LLP
PRICEWATERHOUSE COOPERS,PRICEWATERHOUSECOOPERS PWC
PRICEWATERHOUSE COOPERS,PRICEWATERHOUSECOOPERSPWC CENTRAL ACCOUNTING
PRICEWATERHOUSE COOPERS,PRICEWATERHOUSE COOPERS PWC LLP
PRICEWATERHOUSE COOPERS,PRICEWATERHOUSECOOPERS PWC LLP
PRICEWATERHOUSE COOPERS,PRICEWATERHOUSE COOPERS SRL
PRICEWATERHOUSE COOPERS,PRICEWATERHOUSECOOPERS TRUSTEE IN BANKRUPTCY
PRICEWATERHOUSE COOPERS,PRICEWATERHOUSE COPPERS LLP
PRICEWATERHOUSE COOPERS,PWC
PRICEWATERHOUSE COOPERS,PWC CONSULTING
PRICEWATERHOUSE COOPERS,PWC CONSULTING A BUSINESS
PRICEWATERHOUSE COOPERS,PWC MANAGEMENT SERVICES LP
PRICEWATERHOUSE COOPERS,PWC MANAGEMENT SERVICES LP OPERATING AS PRICEWATERHOUSECOOPERS LLP
PROVINCIAL AIRLINES,PROVINCIAL AEROSPACE PAL
PROVINCIAL AIRLINES,PROVINCIAL AIRLINES
QUANTUM MANAGEMENT SERVICES,LES SERVICES DE GESTION QUANTUM
QUANTUM MANAGEMENT SERVICES,LES SERVICES DE GESTION QUANTUM LTA? C E
QUANTUM MANAGEMENT SERVICES,LES SERVICES DE GESTION QUANTUM LTEE
QUANTUM MANAGEMENT SERVICES,QUANTUM
QUANTUM MANAGEMENT SERVICES,QUANTUM DENTAL TECHNOLOGIES
QUANTUM MANAGEMENT SERVICES,QUANTUME MANAGEMENT SERVICES
QUANTUM MANAGEMENT SERVICES,QUANTUM HR
QUANTUM MANAGEMENT SERVICES,QUANTUM INFORMATION RESOURCES
QUANTUM MANAGEMENT SERVICES,QUANTUM MANAGEMENT
QUANTUM MANAGEMENT SERVICES,QUANTUM MANAGEMENT SERV
QUANTUM MANAGEMENT SERVICES,QUANTUM MANAGEMENT SERVICES
QUANTUM MANAGEMENT SERVICES,QUANTUM MANAGEMENT SERVICES LES SERVIC
QUANTUM MANAGEMENT SERVICES,QUANTUM MANAGEMENT SERVICES LES SERVICES DE GESTION QUANTUM LTA C E
QUANTUM MANAGEMENT SERVICES,QUANTUM MANAGEMENT SERVICES LES SERVICES DE GESTION QUANTUM LTEE
QUANTUM MANAGEMENT SERVICES,QUANTUM MANAGEMENT SERVICES LT
QUANTUM MANAGEMENT SERVICES,QUANTUM MANAGEMENT SERVICES SERVICES DAIDE TEMPORAIRE
QUANTUM MANAGEMENT SERVICES,QUANTUM MANAGEMENT SERVLTD
QUANTUM MANAGEMENT SERVICES,QUANTUM MANAGEMENT SRV
QUANTUM MANAGEMENT SERVICES,QUANTUM MANAGEMENT SYSTEMS
QUANTUM MANAGEMENT SERVICES,QUANTUM MGMT SERVICES
QUANTUM MANAGEMENT SERVICES,QUANTUM MGT SERVICES
QUANTUM MANAGEMENT SERVICES,QUANTUM MNGMT
QUANTUM MANAGEMENT SERVICES,QUANTUM TECHNOLOGY RECRUITING
QUANTUM MANAGEMENT SERVICES,SERV GESTION QUANTUM LTEE
QUANTUM MANAGEMENT SERVICES,SERVICES DE GESTION QUANTUM LTEE
QUANTUM MANAGEMENT SERVICES,SERVICES GESTION QUANTUM LTEE
RANDSTAD,ADRM TEC AND RANDSTAD INTERIM
RANDSTAD,ADRM TECHNOLOGY AND RANDSTAD
RANDSTAD,ADRM TECHNOLOGY AND RANDSTAD I
RANDSTAD,ADRM TECHNOLOGY CONSULTING GROUP CORP AND RANDSTAD INTERIM
RANDSTAD,ADRM TECHNOLOGY CONSULTING GROUP CORP AND RANDSTAD INTERIM JOIN
RANDSTAD,RANDSTAD
RANDSTAD,RANDSTAD BRASIL RECURSOS HUMANOS
RANDSTAD,RANDSTAD CANADA
RANDSTAD,RANDSTAD CANADA GROUP
RANDSTAD,RANDSTAD FRANCE INTERIM SA
RANDSTAD,RANDSTAD INTERIM
RANDSTAD,RANDSTAD INTERIM- TEMP HELP
RANDSTAD,RANDSTAD INTERIM/RANDSTAD INTERIM
RANDSTAD,RANDSTAD INTERIM C/O SAPPHIRE CANADA A DIVISION OF RANDSTAD INTERIM
RANDSTAD,RANDSTAD OTTAWA
RANDSTAD,RANDSTAD PARC JARRY
RANDSTAD,RANDSTAD RECRUTEMENT
RANDSTAD,RANDSTAD TECHNOLOGIES
RANDSTAD,RANDSTAD WORK SOLUTIONS
RANDSTAD,TITUS INTERNATIONAL RANDSTAD
RAYTHEON,RAYTHEON
RAYTHEON,RAYTHEON ANSCHA?TZ GMBH
RAYTHEON,RAYTHEON CANADA
RAYTHEON,RAYTHEON CANADA RAYTHEON CANADA LIMITA?E
RAYTHEON,RAYTHEON CANADA RAYTHEON CANADA LIMITA C E
RAYTHEON,RAYTHEON COMPANY
RAYTHEON,RAYTHEON COMPANY NCS
RAYTHEON,RAYTHEON CYBER PRODUCTS
RAYTHEON,RAYTHEON MISSILE SYSTEMS
RAYTHEON,RAYTHEON SECURE INFORMATION SYSTEMS
RAYTHEON,RAYTHEONSIS
RAYTHEON,RAYTHEON SIS
RAYTHEON,RAYTHEON SOLIPSYS
RAYTHEON,RAYTHEON SYSTEMS
RAYTHEON,RAYTHEON SYSTEMS CANADA
RAYTHEON,RAYTHEON SYSTEMS COMPANY
RAYTHEON,RAYTHEON SYSTEMS COMPANY INTERNATIONAL OPERATIONS
RAYTHEON,RAYTHEON TRUSTED COMPUTER SOLUTIONS
ROGERS,CELLULAR UNLIMITED ROGERS AT & T
ROGERS,CKER FM ROGERS MEDIA
ROGERS,LE GROUPE ROGERS
ROGERS,LE GROUPE ROGERS LTEE
ROGERS,ROGERS AT&T
ROGERS,ROGERS AT&T WIRELESS
ROGERS,ROGERS ATT WIRELESS
ROGERS,ROGERS BLUE JAYS BASEBALL
ROGERS,ROGERS BROADCASTING
ROGERS,ROGERS BROADCASTING ROGERS MEDIA
ROGERS,ROGERS BUSINESS SOLUTIONS
ROGERS,ROGERS CABLE
ROGERS,ROGERS CABLE COMMUNICATIONS
ROGERS,ROGERS CABLE COMMUNICATIONS/COMMUNICATIONS ROGERS CABLE
ROGERS,ROGERS CABLE COMUNICATIONS
ROGERS,ROGERS CABLE SERVICES
ROGERS,ROGERS CABLE SYSTEMS
ROGERS,ROGERS CANTEL
ROGERS,ROGERS COMMUNICATION
ROGERS,ROGERS COMMUNICATION CANADA
ROGERS,ROGERS COMMUNICATIONS
ROGERS,ROGERS COMMUNICATIONS CANADA
ROGERS,ROGERS COMMUNICATIONS PARTNERSHIP
ROGERS,ROGERS CONSULTING
ROGERS,ROGERS DATA CENTER
ROGERS,ROGERS DATA CENTRE
ROGERS,ROGERS DATA CENTRES
ROGERS,ROGERS ENTERPRISES
ROGERS,ROGERS MEDIA
ROGERS,ROGERS MEDIA C/O CREATIVE SHOW PRODUCTIONS
ROGERS,ROGERS MEDIA PUBLISHING
ROGERS,ROGERS OTTAWA
ROGERS,ROGERS PAYMENT CENTER
ROGERS,ROGERS PAYMENT CENTRE
ROGERS,ROGERS PUBLISHING
ROGERS,ROGERS PUBLISHING MAGAZINE
ROGERS,ROGERS SHARED SERV/ROGERS COMMINC
ROGERS,ROGERS TELECOM
ROGERS,ROGERS TELECOM ATT DIANE MENARD ACCOUNT CONSULTANT
ROGERS,ROGERS WIRELESS
ROGERS,ROGER WIRELESS
SALVATION ARMY,GOVERNING COUNCIL OF SALVATION ARMY IN CANADA
SALVATION ARMY,SALVATION ARMY
SALVATION ARMY,SALVATION ARMY ARC
SALVATION ARMY,SALVATION ARMY BELKIN HOUSE
SALVATION ARMY,SALVATION ARMY BOOTH CENTRE BRANTFORD
SALVATION ARMY,SALVATION ARMY CENTRE OF HOPE
SALVATION ARMY,SALVATION ARMY CORRECTIONAL
SALVATION ARMY,SALVATION ARMY CORRECTIONAL AND JUSTICE SERVICES GREENFIELD HOUSE THE
SALVATION ARMY,SALVATION ARMY HARBOUR LIGHT
SALVATION ARMY,SALVATION ARMY HARBOUR LIGHTS CORP
SALVATION ARMY,SALVATION ARMY TERRITORIAL HEADQUARTERS
SALVATION ARMY,SALVATION ARMY WAGNER COTTAGE
SALVATION ARMY,THE GOVERNING COUNCIL OF THE SALVATION ARMY IN CANADA
SALVATION ARMY,THE SALVATION ARMY
SALVATION ARMY,THE SALVATION ARMY COMMUNITY SERVICES CALGARY
SALVATION ARMY,THE SALVATION ARMY CORRECTIONAL AND JUSTICE SERVICES GREENFIELD HOUSE
SALVATION ARMY,THE SALVATION ARMY NEWFOUNDLAND WEST DIVISIONAL HEADQUARTERS
SANOFI PASTEUR,SANOFI PASTEUR
SANOFI PASTEUR,SANOFI PASTEUR SANOFI PASTE
SANOFI PASTEUR,SANOFI PASTEUR SANOFI PASTEUR
SANOFI PASTEUR,SANOFI PASTEUR SANOFI PASTEUR
SANOFI PASTEUR,SANOFI PATERU SANOFI PASTEUR E
SAP,SAP
SAP,SAP 45 OCONNOR SUITE 600 OTTAWA ON K1P 1A4
SAP,SAP AMERICA
SAP,SAP CANADA
SAP,SAP CANADA*****VOIR 2001324
SAS INSTITUTE,SAS INSTITUTE
SAS INSTITUTE,SAS INSTITUTE CANADA
SAS INSTITUTE,SAS INSTITUTE CANADA CON
SAS INSTITUTE,SAS INSTITUTE CANADA
SAS INSTITUTE,SAS INSTITUTE CANADA]
SAS INSTITUTE,SAS INSTUITUTE
SASKTEL,SASKATCHEWAN COMMUNICATIONS SASKTEL
SASKTEL,SASKATCHEWAN TELECOMMUNICATIONS
SASKTEL,SASKTEL
SASKTEL,SASKTEL CMR
SASKTEL,SASKTEL INTERNATIONAL
SCHNEIDER ELECTRIC CANADA,SCHNEIDER CANADA
SCHNEIDER ELECTRIC CANADA,SCHNEIDER CANADA-SERVICE DIVISION
SCHNEIDER ELECTRIC CANADA,SCHNEIDER CANADA SERVICE DIVISION
SCHNEIDER ELECTRIC CANADA,SCHNEIDER CANADA SERVICES
SCHNEIDER ELECTRIC CANADA,SCHNEIDER CANDA SERVICES
SCHNEIDER ELECTRIC CANADA,SCHNEIDER ELECTRIC
SCHNEIDER ELECTRIC CANADA,SCHNEIDER ELECTRICAL
SCHNEIDER ELECTRIC CANADA,SCHNEIDER ELECTRIC CANADA
SCHNEIDER ELECTRIC CANADA,SCHNEIDER ELECTRIC CANADA; OR SCHNEIDER CANADA SERVICES
SCHNEIDER ELECTRIC CANADA,SCHNEIDER ELECTRIC IT CORPORATION
SCHNEIDER ELECTRIC CANADA,SCHNEIDER ELECTRIC MISSISSAUGA
SCHNEIDER ELECTRIC CANADA,SCHNEIDER ELECTRIC PERU SA
SCHNEIDER ELECTRIC CANADA,SCHNEIDER ELECTRIC POLSKA SP Z OO
SEASPAN VICTORIA SHIPYARDS,SEASPAN MARINE CORPORATION VICTORIA SHIPYARDS CO
SEASPAN VICTORIA SHIPYARDS,SEASPAN VICTORIA SHIPYARDS
SEASPAN VICTORIA SHIPYARDS,VICTORIA SHIPYARDS CO
SEASPAN VICTORIA SHIPYARDS,VICTORIA SHIPYARDS COMPANY
SECURITAS,GROUP 4 SECURITAS GUARDING
SECURITAS,MPA SECURITAS
SECURITAS,SECURITAS
SECURITAS,SECURITAS CANADA
SECURITAS,SECURITAS CR
SECURITAS,SECURITAS CR SRO
SECURITAS,SECURITAS EGYPT
SECURITAS,SECURITAS ELECTRONIC SECURITY
SECURITAS,SECURITAS FRANCE SARL
SECURITAS,SECURITAS HRVATSKA DOO
SECURITAS,SECURITAS QUEBEC
SECURITAS,SECURITAS SA
SECURITAS,SECURITAS SAUDI ARABIA CO
SECURITAS,SECURITAS SECURITY GUARD THAILAND
SECURITAS,SECURITAS SISTEMAS DE SEGURIDAD
SECURITAS,SECURITAS UAE
SECURITAS,SECURITAS UAE LLL
SHARP ELECTRONICS,PITNEY BOWES SHARP RESELLER
SHARP ELECTRONICS,SHARP
SHARP ELECTRONICS,SHARP AUDIO VISUAL
SHARP ELECTRONICS,SHARP BUSINESS FORMS
SHARP ELECTRONICS,SHARP C/O PITNEY BOWES OF CANADA
SHARP ELECTRONICS,SHARP CANADA
SHARP ELECTRONICS,SHARP DIRECT
SHARP ELECTRONICS,SHARP DIRECT C/O MELLON BANK
SHARP ELECTRONICS,SHARP ELECTONICS OF CANADA
SHARP ELECTRONICS,SHARP ELECTRONIC OF CANADA
SHARP ELECTRONICS,SHARP ELECTRONICS
SHARP ELECTRONICS,SHARP ELECTRONICS C/O MELLON BANK NA CANADA BRANCH
SHARP ELECTRONICS,SHARP ELECTRONICS EUROPE SP ZOO
SHARP ELECTRONICS,SHARP ELECTRONICS OF CA
SHARP ELECTRONICS,SHARP ELECTRONICS OF CAN
SHARP ELECTRONICS,SHARP ELECTRONICS OF CANADA
SHARP ELECTRONICS,SHARP ELECTRONICS OF CANADA ACTING FOR PITNEY BOWES OF CANADA
SHARP ELECTRONICS,SHARP ELECTRONICS OF CANADA C/O PITNEY BOWES OF CANADA
SHARP ELECTRONICS,SHARP ELECTRONICS OF CANADA C/O THE BANK OF NEW YORK MELLON
SHARP ELECTRONICS,SHARP ELECTRONICS OF CANADA FORMERLY PITNEY BOWES
SHARP ELECTRONICS,SHARP ELECTRONICS OF CANADA LT
SHARP ELECTRONICS,SHARP ELECTRONICS OF CANADA MISSISSAUGA
SHARP ELECTRONICS,SHARP ELECTRONICS OF CDA
SHARP ELECTRONICS,SHARP FINANCE
SHARP ELECTRONICS,SHARP HOME TECHNOLOGIES
SHARP ELECTRONICS,SHARP PITNEY BOWES
SHARP ELECTRONICS,SHARPS
SHARP ELECTRONICS,SHARPS AUDIO-VISUAL
SHARP ELECTRONICS,SHARPS AUDIO-VSUAL
SHARP ELECTRONICS,SHARPS AUDIO AND VISUAL
SHARP ELECTRONICS,SHARPS AUDION VISUAL
SHARP ELECTRONICS,SHARPS AUDIO VIDEO
SHARP ELECTRONICS,SHARPS AUDIO VISUAL
SHARP ELECTRONICS,SHARP S AUDIO VISUAL
SHARP ELECTRONICS,SHARPS AUDIO VISUAL AUDIO VISUAL SYSTEMS INTEGRATION
SHARP ELECTRONICS,SHARPS AUDIO VISUAL SYSTEMS INTEGR
SHARP ELECTRONICS,SHARPS AUDIOVISUEL
SHARP ELECTRONICS,SHARPS AUDIO VSUAL
SHARP ELECTRONICS,SHARPSS AUDIO VISUAL
SHRED-IT,SECURIT RECORDS MANAGEMENT SHRED-IT INTERNATIONAL
SHRED-IT,SHRED-IT
SHRED-IT,SHRED-IT-MONTREAL
SHRED-IT,SHRED-IT A SECURIT COMPANY IT ATLANTIC
SHRED-IT,SHRED-IT BC
SHRED-IT,SHRED-IT CANADA
SHRED-IT,SHRED-IT CANADA CORPORATION
SHRED-IT,SHRED-IT CANADA TORONTO
SHRED-IT,SHRED-IT HALIFAX
SHRED-IT,SHRED-IT INTERNATIONAL
SHRED-IT,SHRED-IT INTERNATIONAL UIC
SHRED-IT,SHRED-IT INTERNATIONAL ULC
SHRED-IT,SHRED-IT MONCTON
SHRED-IT,SHRED-IT MONTREAL
SHRED-IT,SHRED-IT MONTR��AL
SHRED-IT,SHRED-IT OTTAWA
SHRED-IT,SHRED-IT OTTAWA C/R 137674
SHRED-IT,SHRED-IT SOUTHWESTERN ONTARIO
SHRED-IT,SHRED-TECH
SHRED-IT,SHRED IT
SHRED-IT,SHRED IT CANADA CORPORATION SECUR IT
SHRED-IT,SHRED IT INTERNATIONAL
SHRED-IT,SHRED IT INTERNATIONAL ULC
SIEMENS,BJ SIEMENS CERBERUS ELECTRONICS
SIEMENS,SIEMENS
SIEMENS,SIEMENS BUILDING
SIEMENS,SIEMENS BUILDING AUTOMATION
SIEMENS,SIEMENS BUILDING TECH
SIEMENS,SIEMENS BUILDING TECHN
SIEMENS,SIEMENS BUILDING TECHNOLOGIES
SIEMENS,SIEMENS BUILDING TECHNOLOGIES L
SIEMENS,SIEMENS BUILDING TECHNOLOGIES LANDIS DIVISION
SIEMENS,SIEMENS BUILDING TECHNOLOGIESLTD
SIEMENS,SIEMENS BUILDING TECHNOLOGIES SIEMENS TECHNOLOGIES DU BACTIMENT LTA C E
SIEMENS,SIEMENS BUILDING TECHNOLOGIESSIEMENS TECHNOLOGIES DU BATIMENT
SIEMENS,SIEMENS BUILDING TECHNOLOGIES TIANJ
SIEMENS,SIEMENS BUILDING TECH TD
SIEMENS,SIEMENS BUILIDNG TECHNOLOGIES
SIEMENS,SIEMENS CA E
SIEMENS,SIEMENS CANADA
SIEMENS,SIEMENS CANADA/LTEE DIVISION TECHNOLOGIES DU BACTIMENT
SIEMENS,SIEMENS CANADA BRAMPTON
SIEMENS,SIEMENS CANADA E
SIEMENS,SIEMENS CANADA E QUEBEC
SIEMENS,SIEMENS CANADA OTTAWA
SIEMENS,SIEMENS CANADA SIEMENS CANADA LIMITA?E
SIEMENS,SIEMENS DEMAG DELEVAL
SIEMENS,SIEMENS ENTERPRISE COMMUNICATIONS
SIEMENS,SIEMENS HEALTHCARE
SIEMENS,SIEMENS HEALTHCARE DIAGNOSTICS
SIEMENS,SIEMENS HEALTHCARE SIEMENS SANTA C LIMITA C E
SIEMENS,SIEMENS INDUSTRIAL SERVICES
SIEMENS,SIEMENS INDUSTRY SOFTWARE
SIEMENS,SIEMENS INDUSTRY SOFTWARE/SIEMENS LOGICIELS INDUSTRIE LTEE
SIEMENS,SIEMENS IT SOLUTIONS & SERVS
SIEMENS,SIEMENS KOREA
SIEMENS,SIEMENS LANDIS & STAEFA
SIEMENS,SIEMENS MEDICAL SOLUTIONS DIAGNOSTI
SIEMENS,SIEMENS PLM
SIEMENS,SIEMENS PLM SOFTWARE CA
SIEMENS,SIEMENS PRODUCT LIFECYCLE
SIEMENS,SIEMENS PRODUCT LIFECYCLE MANAGEMENT SOFTWARE
SIEMENS,SIEMENS PRODUCT LIFECYCLE MANAGEMENT SOFTWARE CA
SIEMENS,SIEMENS SPA
SIEMENS,SIEMENS TECHNOLOGIE
SIEMENS,SIEMENS TECHNOLOGIE BACTIMENTS
SIEMENS,SIEMENS TECHNOLOGIE DU BACTIMENT
SIEMENS,SIEMENS TECHNOLOGIES
SIEMENS,SIEMENS TECHNOLOGIES DU BACTIMENT LTA C E
SIEMENS,SIEMENS TECHNOLOGIES DU BATIMENT
SIEMENS,SIEMENS TECHNOLOGIES DU BATIMENT LTEE
SIEMENS,SIEMENS TECHNOLOGIES DU BATIMENTS L
SIEMENS,SIEMENS WATER TECHNOLGIES CANADA/SIEMENS TECHNOLOGIESDES EAUX CA
SIEMENS,SIEMENS WATER TECHNOLGIES CANADA/SIEMENS TECHNOLOGIESDES EAUX CANADA
SIEMENS,SIEMENS WATER TECHNOLOGIES
SIEMENS,SIEMENS WATER TECHNOLOGIES CANADA
SIEMENS,SIEMENS WATER TECHNOLOGIES CANADA I
SIEMENS,SIEMENS WATER TECHNOLOGIES CORP
SIEMENS,SIEMENS WESTINGHOUSE TECHNICAL
SIEMENS,SIEMENS WESTINGHOUSE TECHNICAL SERVICES
SIERRA SYSTEMS GROUP,SIERRA SYSTEMS
SIERRA SYSTEMS GROUP,SIERRA SYSTEMS CONSULTANTS
SIERRA SYSTEMS GROUP,SIERRA SYSTEMS GROUP
SIERRA SYSTEMS GROUP,SIERRA SYSTEMS GROUP XML
SIERRA SYSTEMS GROUP,SIERRA SYSYTEMS GROUP
SIKORSKY AIRCRAFT CORPORATION,SIKORSKY AIRCRAFT CORPORATION
SIKORSKY AIRCRAFT CORPORATION,SIKORSKY INTERNATIONAL OPERATIONS
SI SYSTEMS,S I SYSTEMS
SI SYSTEMS,SI SYSTEMS
SI SYSTEMS,SI SYSTEMS C9565C
SI SYSTEMS,S I SYSTEMS C9565C
SI SYSTEMS,SI SYSTEMS DANIELLE SILVERMAN
SI SYSTEMS,SI SYSTEMS INTEGRATORS
SI SYSTEMS,SI SYSTEMS PARTNERSHIP
SI SYSTEMS,S I SYSTEMS PARTNERSHIP
SI SYSTEMS,SI SYSTEMS PARTNERSHIP C9565C
SI SYSTEMS,SI SYSTEMS RAYMOND CHA C NIER
SI SYSTEMS,TEAM SI SYSTEMS
SKYLINK AVIATION,SKYLINK
SKYLINK AVIATION,SKYLINK AVIAITON
SKYLINK AVIATION,SKYLINK AVIATION
SKYLINK AVIATION,SKYLINK AVIATION & AIR CHARTER SERVICES
SKYLINK AVIATION,SKYLINK PAE
SNC-LAVALIN,ENVIRONMENT & WATER SNC-LAVALIN
SNC-LAVALIN,NISHI-KHON/SNC-LAVALIN
SNC-LAVALIN,SNC-LAVALIN
SNC-LAVALIN,SNC-LAVALIN AGRO
SNC-LAVALIN,SNC-LAVALIN AIR LOGISTICS
SNC-LAVALIN,SNC-LAVALIN ARCHITECTS AND
SNC-LAVALIN,SNC-LAVALIN BURNABY BC
SNC-LAVALIN,SNC-LAVALIN CONSTRUCTION AECON JOINT V
SNC-LAVALIN,SNC-LAVALIN DEFENCE PROGRAMS
SNC-LAVALIN,SNC-LAVALIN EDMONTON
SNC-LAVALIN,SNC-LAVALIN ENGINEERS & CONSTRUCTORS
SNC-LAVALIN,SNC-LAVALIN ENGINEERS AND CONSTRUCTORS
SNC-LAVALIN,SNC-LAVALIN ENVIRONMENT
SNC-LAVALIN,SNC-LAVALIN ENVIRONMENT DIVISION
SNC-LAVALIN,SNC-LAVALIN ENVIRONMENT HALIFAX
SNC-LAVALIN,SNC-LAVALIN ENVIRONMENT VICTORIA
SNC-LAVALIN,SNC-LAVALIN ENVIRONNEMENT
SNC-LAVALIN,SNC-LAVALIN FREDERICTON
SNC-LAVALIN,SNC-LAVALIN GEM ONTARIO
SNC-LAVALIN,SNC-LAVALIN GEM QUA?BEC
SNC-LAVALIN,SNC-LAVALIN GEM QUEBEC
SNC-LAVALIN,SNC-LAVALIN GRANDS PROJECTS
SNC-LAVALIN,SNC-LAVALIN GRANDS PROJETS
SNC-LAVALIN,SNC-LAVALIN HALIFAX
SNC-LAVALIN,SNC-LAVALIN INFRASTRUCTURE PVT
SNC-LAVALIN,SNC-LAVALIN LEVIS QC
SNC-LAVALIN,SNC-LAVALIN MONTREAL
SNC-LAVALIN,SNC-LAVALIN O & M
SNC-LAVALIN,SNC-LAVALIN O&M
SNC-LAVALIN,SNC-LAVALIN O/A BAE NEWPLAN GROUP
SNC-LAVALIN,SNC-LAVALIN O ET M
SNC-LAVALIN,SNC-LAVALIN OPERATIONS
SNC-LAVALIN,SNC-LAVALIN OPERATIONS &; MAINTENANCE
SNC-LAVALIN,SNC-LAVALIN OPERATIONS & MAINT
SNC-LAVALIN,SNC-LAVALIN OPERATIONS & MAINTENANCE
SNC-LAVALIN,SNC-LAVALIN OTTAWA
SNC-LAVALIN,SNC-LAVALIN PAE
SNC-LAVALIN,SNC-LAVALIN PRO FAC
SNC-LAVALIN,SNC-LAVALINPROFAC
SNC-LAVALIN,SNC-LAVALIN PROFAC
SNC-LAVALIN,SNC-LAVALIN PROFAC 869397091PG0006
SNC-LAVALIN,SNC-LAVALIN PROFAC PROJECT MANAGEMENT UNIT
SNC-LAVALIN,SNC-LAVALIN TORONTO
SNC-LAVALIN,SNC-LAVALIN VICTORIA
SNC-LAVALIN,SNC-LAVALIN WIIBE
SNC-LAVALIN,SNC-LAVALIN WINNIPEG
SOFTCHOICE,CARAHSOFT TECHNOLOGY CORP C/O SOFTCHOICE
SOFTCHOICE,FOUR POINTS SOLUTIONS C/O SOFTCHOICE CORPORATION
SOFTCHOICE,MICROSOFT CORP C/O SOFTCHOICE CORP
SOFTCHOICE,MICROSOFT CORPORATION C/O SOFTCHOICE
SOFTCHOICE,MICROSOFT LICENSING GP C/O SOFTCHOICE CORPORATION
SOFTCHOICE,MICROSOFT SOFTCHOICE
SOFTCHOICE,MSLIGP SOFTCHOICE CORPORATION
SOFTCHOICE,SOFTCHOICE-UNIS LUMIN
SOFTCHOICE,SOFTCHOICE CANADA
SOFTCHOICE,SOFTCHOICE COMPANY
SOFTCHOICE,SOFTCHOICE COPORATION
SOFTCHOICE,SOFTCHOICE COROPORATION
SOFTCHOICE,SOFTCHOICE CORP
SOFTCHOICE,SOFTCHOICE CORP CANADA
SOFTCHOICE,SOFTCHOICE CORPORATION
SOFTCHOICE,SOFTCHOICE CORPORATION ATT JANICE RAKOWSKI
SOFTCHOICE,SOFTCHOICE CORPORATION CAD
SOFTCHOICE,SOFTCHOICE CORPORATION RESELLER OF IBM PRODUCTS
SOFTCHOICE,SOFTCHOICE CORP SEE 117956
SOFTCHOICE,SOFTCHOICE IBM RESELLER
SOFTCHOICE,SOFTCHOICE LP
SOFTCHOICE,SOFTCHOICE OTTAWA
SOFTCHOICE,SOFTCHOICE RESELLER FOR LENOVO CANADA
SOFTCHOICE,SOFTCHOICE RESELLER OF ACL IN CANADA
SOFTCHOICE,SOFTCHOICE VANCOUVER
SUN LIFE ASSURANCE COMPANY,200 GRAHAM AND SUN LIFE ASSURANCE
SUN LIFE ASSURANCE COMPANY,SUN LIFE ASSURANCE COMPANY
SUN LIFE ASSURANCE COMPANY,SUN LIFE ASSURANCE COMPANY OF
SUN LIFE ASSURANCE COMPANY,SUN LIFE ASSURANCE COMPANY OF CANAD
SUN LIFE ASSURANCE COMPANY,SUN LIFE ASSURANCE COMPANY OF CANADA
SUN LIFE ASSURANCE COMPANY,SUN LIFE ASSURANCE CO OF C
SYMANTEC,SYMANTEC
SYMANTEC,SYMANTEC CORP
SYMANTEC,SYMANTEC CORPORATION
SYMANTEC,SYMANTEC CORPORATION CANADA
SYMANTEC,SYMANTECH
TELESAT,TELESAT
TELESAT,TELESAT CANADA
TELUS CANADA,OA-TELUS COMMUNICATIONS COMPANY
TELUS CANADA,SOCIETE TELUS COMMUNICATIONS
TELUS CANADA,TELUS
TELUS CANADA,TELUS ADVANCED COMMUNICATIONS
TELUS CANADA,TELUS BUSINESS SOLUTIONS
TELUS CANADA,TELUS CANADA
TELUS CANADA,TELUSCLIENT PAYMENT SERVICES
TELUS CANADA,TELUS CLIENT PAYMENT SERVICES
TELUS CANADA,TELUS CLIENT SOLUTIONS
TELUS CANADA,TELUS COLLABORATION SERVICES
TELUS CANADA,TELUS COMMUNICAITONS
TELUS CANADA,TELUS COMMUNICATION
TELUS CANADA,TELUS COMMUNICATION B C
TELUS CANADA,TELUS COMMUNICATION COMPAGNY
TELUS CANADA,TELUS COMMUNICATION COMPANY
TELUS CANADA,TELUS COMMUNICATION COMPANY O/A TELUS
TELUS CANADA,TELUS COMMUNICATIONS
TELUS CANADA,TELUS COMMUNICATIONS AMALCO
TELUS CANADA,TELUS COMMUNICATIONS CO
TELUS CANADA,TELUS COMMUNICATIONSCOLLABORATION SERVICES
TELUS CANADA,TELUS COMMUNICATIONS COMPANY
TELUS CANADA,TELUS COMMUNICATIONS COMPANY 7TH FLOOR
TELUS CANADA,TELUS COMMUNICATIONS EDMONTON
TELUS CANADA,TELUS COMMUNICATIONS QUEBEC
TELUS CANADA,TELUS CORPORATION
TELUS CANADA,TELUS ELECTRICAL SERVICES
TELUS CANADA,TELUS EMERGENCY RESPONSE SUPPORT
TELUS CANADA,TELUS GEOMATICS
TELUS CANADA,TELUS HEALTH SOLUTIONS
TELUS CANADA,TELUS HEALTH SOLUTIONS GP
TELUS CANADA,TELUS INTEGRATED COMMUNICATIONS
TELUS CANADA,TELUS MOBILITA?
TELUS CANADA,TELUS MOBILITY
TELUS CANADA,TELUSMOBILITY
TELUS CANADA,TELUS NATIONAL SYSTEM
TELUS CANADA,TELUS NATIONAL SYSTEMS
TELUS CANADA,TELUS NATIONAL SYSTEMS/TELUS
TELUS CANADA,TELUS NATIONAL SYSTEMSINC
TELUS CANADA,TELUS QUA?BEC
TELUS CANADA,TELUS QUEBEC
TELUS CANADA,TELUS SECURITY SOLUTIONS
TELUS CANADA,TELUS SERVICES
TELUS CANADA,TELUS SOLUTIONS DAFFAIRES
TELUS CANADA,TELUS SOLUTIONS EN SANT
TELUS CANADA,TELUS SOLUTIONS EN SANTA?
TELUS CANADA,TELUS SOLUTIONS EN SANTA C
TELUS CANADA,TELUS SOLUTIONS EN SANTA C SENC
TELUS CANADA,TELUS SOLUTIONS EN SANT C
TELUS CANADA,TELUS SOLUTIONS QUEBEC
TERAMACH TECHNOLOGIES,TERAMACH
TERAMACH TECHNOLOGIES,TERAMACH TEC
TERAMACH TECHNOLOGIES,TERAMACH TECHBOLOGIES
TERAMACH TECHNOLOGIES,TERAMACH TECHNOLOGICS
TERAMACH TECHNOLOGIES,TERAMACH TECHNOLOGIE
TERAMACH TECHNOLOGIES,TERAMACH TECHNOLOGIES
TERAMACH TECHNOLOGIES,TERAMACH TECHONOLOGIES
THALES,THALES
THALES,THALES ACOUSTICS
THALES,THALES ALENIA SPACE ITALIA
THALES,THALES AUSTRALIA
THALES,THALES AVIONICS
THALES,THALES CANADA
THALES,THALES CANADA LAND & JOINT SYSTEMS OPTRONICS BUSINESS UNIT
THALES,THALES CANADA NAVAL SERVICES BU
THALES,THALES CANADA NAVAL SERVICES DIVISION
THALES,THALES CANADA OPTRONICS DIVISION
THALES,THALES CANADA SYSTEM
THALES,THALES CANADA SYSTEMS DIVISION
THALES,THALES COMMUNICATIONS
THALES,THALES COMMUNICATIONS AND SECURITY
THALES,THALES DEFENCE & SECURITY
THALES,THALES DEFENCE DEUTSCHLAND GMBH
THALES,THALES DEFENSE & SECURITY
THALES,THALES DEFENSE SECURITY
THALES,THALES DEFENSR & SECURITY
THALES,THALES E-SECURITY
THALES,THALES LASER SA
THALES,THALES NAVAL SERVICES CANADA
THALES,THALES NORWAY AS
THALES,THALES OPTRONICS CANADA
THALES,THALES OPTRONIQUE CANADA
THALES,THALES OPTRONIQUE SA
THALES,THALES RAYTHEON SYSTEMS
THALES,THALES TRAINING AND SIMULATION
THALES,THALES UNDERWATER SYSTEMS
THE BOEING COMPANY,BOEING AIRCRAFT COMPANY
THE BOEING COMPANY,BOEING CANADA OPERATIONS- AEROINFO SYSTEMS & ACF ASSOCIATES
THE BOEING COMPANY,MCDONNELL DOUGLAS CORPORATION A WHOLLY-OWNED SUBSIDIARY OF THE BOEING
THE BOEING COMPANY,MCDONNELL DOUGLAS CORPORATION A WHOLLY-OWNED SUBSIDIARY OF THE BOEING COMPANY
THE BOEING COMPANY,THE BOEING COMPANY
TPG TECHNOLOGY CONSULTANTS,TEAM TPG
TPG TECHNOLOGY CONSULTANTS,THE POWELL GROUP TPG TECHNOLOGY
TPG TECHNOLOGY CONSULTANTS,THE POWELL GROUP TPG TECHNOLOGY CONSULTING
TPG TECHNOLOGY CONSULTANTS,TPG CONSULTING
TPG TECHNOLOGY CONSULTANTS,TPG TECHNOLOGIES
TPG TECHNOLOGY CONSULTANTS,TPG TECHNOLOGY
TPG TECHNOLOGY CONSULTANTS,TPG TECHNOLOGY CONSULTANTS
TPG TECHNOLOGY CONSULTANTS,TPG TECHNOLOGY CONSULTING
TPG TECHNOLOGY CONSULTANTS,TPG TECHNOLOGY CONSULTINGAMITA CORPCUESTA SYSTEMSTHE DEVO
TPG TECHNOLOGY CONSULTANTS,TPG TECHNOLOGY CONSULTING AND INROUND INNOVATIONS CJV
TPG TECHNOLOGY CONSULTANTS,TPG TECHNOLOGY CONSULTING L
TRANSPOLAR TECHNOLOGY,THE HALIFAX GROUP TRANSPOLAR
TRANSPOLAR TECHNOLOGY,THE HALIFAX GROUP TRANSPOLAR IN
TRANSPOLAR TECHNOLOGY,TRANSPOLAR
TRANSPOLAR TECHNOLOGY,TRANSPOLAR AND HALIFAX GROUP IN JOINT VENTURE
TRANSPOLAR TECHNOLOGY,TRANSPOLAR CANADA
TRANSPOLAR TECHNOLOGY,TRANSPOLAR TECHNOLOGY
TRANSPOLAR TECHNOLOGY,TRANSPOLAR TECHNOLOGY CORP
TRANSPOLAR TECHNOLOGY,TRANSPOLAR TECHNOLOGY CORPORAT
TRANSPOLAR TECHNOLOGY,TRANSPOLAR TECHNOLOGY CORPORATION
TRANSPOLAR TECHNOLOGY,TRANSPOLAR TECHNOLOLGY CORPORATION
TRANSPOLAR TECHNOLOGY,TRANSPOLAR THE HALIFAX GROUPJOINT VENTURE
UNISYS CANADA,UNISYS
UNISYS CANADA,UNISYS CANADA
UNISYS CANADA,UNISYS CANADA OTTAWA
UNITED STATES DEPARTMENT OF THE AIR FORCE,UNITED STATES AIR FORCE
UNITED STATES DEPARTMENT OF THE AIR FORCE,UNITED STATES DEPARTEMENT OF THE AIR FORCE AFSAC
UNITED STATES DEPARTMENT OF THE AIR FORCE,UNITED STATES DEPARTEMENT OF THE AIR FORCES AFSAC
UNITED STATES DEPARTMENT OF THE AIR FORCE,UNITED STATES DEPARTMENT OF THE AIR FORCE
UNITED STATES DEPARTMENT OF THE AIR FORCE,UNITED STATES DEPARTMENT OF THE AIR FORCE AFSAC
UNITED STATES DEPARTMENT OF THE AIR FORCE,UNITED STATES DEPARTMENT OF THE AIR FORCE AFSAT
UNITED STATES DEPARTMENT OF THE AIR FORCE,UNITED STATES DEPARTMENT OF THE AIR FORCE SAF/IA
UNITED STATES DEPARTMENT OF THE ARMY,UNITED STATES DEPARTMENT OF THE ARMY
UNITED STATES DEPARTMENT OF THE ARMY,UNITED STATES DEPARTMENT OF THE ARMY TRADOC
UNITED STATES DEPARTMENT OF THE ARMY,UNITED STATES DEPARTMENT OF THE ARMY USASAC
UNITED STATES DEPARTMENT OF THE NAVY,DEPT OF THE NAVY NAVAL FACILITY ENGINEERING COMMAND
UNITED STATES DEPARTMENT OF THE NAVY,UNITED STATES DEPARTMENT OF THE NAVY
UNITED STATES DEPARTMENT OF THE NAVY,UNITED STATES DEPARTMENT OF THE NAVY MISC
UNITED STATES DEPARTMENT OF THE NAVY,UNITED STATES DEPARTMENT OF THE NAVY NAVAIR
UNITED STATES DEPARTMENT OF THE NAVY,UNITED STATES DEPARTMENT OF THE NAVY NAVICP
UNITED STATES DEPARTMENT OF THE NAVY,UNITED STATES DEPARTMENT OF THE NAVY NAVSEA
UNITED STATES DEPARTMENT OF THE NAVY,UNITED STATES DEPARTMENT OF THE NAVY NETSAFA
UNITED STATES DEPARTMENT OF THE NAVY,UNITED STATES DEPARTMENT OF THE NAVY SPAWAR
UNITED STATES DEPARTMENT OF THE NAVY,UNITED STATES NAVY
UNITED STATES DEPARTMENT OF THE NAVY,US NAVY
UNITED STATES DEPARTMENT OF THE NAVY,US NAVY SUPPORT FACILITY
VALCOM CONSULTING,VALCOM
VALCOM CONSULTING,VALCOM CONSULTING
VALCOM CONSULTING,VALCOM CONSULTING CMPANY
VALCOM CONSULTING,VALCOM CONSULTING COMPANY
VALCOM CONSULTING,VALCOM CONSULTING GROOUP
VALCOM CONSULTING,VALCOM CONSULTING GROUP
VALCOM CONSULTING,VALCOM CONSULTING GROUP OTTAWA
VALCOM CONSULTING,VALCOM CONSULTUING GROUP
VERITAAQ TECHNOLOGY HOUSE,VERITAAQ
VERITAAQ TECHNOLOGY HOUSE,VERITAAQ IT CONSULTING
VERITAAQ TECHNOLOGY HOUSE,VERITAAQ TECHNOLOG HOUSE
VERITAAQ TECHNOLOGY HOUSE,VERITAAQ TECHNOLOGY
VERITAAQ TECHNOLOGY HOUSE,VERITAAQ TECHNOLOGY HOUSE
VERITAAQ TECHNOLOGY HOUSE,VERITAAQ TECHNOLOGY HOUSE I
VERITAAQ TECHNOLOGY HOUSE,VERITAAQ TECHNOLOGY HOUSE OTTAWA
VERITAAQ TECHNOLOGY HOUSE,VERITAAQ TECHNOLOGY HOUSING
VERITAS TECHNOLOGIES,VERITAS
VERITAS TECHNOLOGIES,VERITAS SOFTWARE
VERITAS TECHNOLOGIES,VERITAS SOFTWARE CANADA
VERITAS TECHNOLOGIES,VERITAS SOFTWARE CORPORATION
VERITAS TECHNOLOGIES,VERITAS SOFTWARE GLOBAL CORP
VERITAS TECHNOLOGIES,VERITAS SOFTWARE GLOBAL CORPORATION
VERITAS TECHNOLOGIES,VERITAS SOFTWARE TECHNOLOGY
VERITAS TECHNOLOGIES,VERITAS SOFTWARE TECHNOLOGY CORP
VERITAS TECHNOLOGIES,VERITAS SOFTWARE TECHNOLOGY CORPORATION
VERITAS TECHNOLOGIES,VERITAS TECHNOLOGIES
VMWARE,COMPUGEN VMWARE
VMWARE,EYEDU SOLUTIONS C/O VMWARE
VMWARE,VMWARE
VMWARE,VM WARE
VMWARE,VMWARE CALIFORNIA USA
VMWARE,VMWARE INTERNATIONAL
WEATHERHAVEN CANADA,WEATHERHAVEN
WEATHERHAVEN CANADA,WEATHERHAVEN 000509
WEATHERHAVEN CANADA,WEATHERHAVEN CANADA
WEATHERHAVEN CANADA,WEATHERHAVEN CANADA RESOUCES
WEATHERHAVEN CANADA,WEATHERHAVEN CANADA RESOURCES
WEATHERHAVEN CANADA,WEATHERHAVEN CANADA RESOURCESLTD
WEATHERHAVEN CANADA,WEATHERHAVEN GLOBAL RESOURCE
WEATHERHAVEN CANADA,WEATHERHAVEN GLOBAL RESOURCES
WEATHERHAVEN CANADA,WEATHERHAVENGLOBAL RESOURCES
WEATHERHAVEN CANADA,WEATHERHAVEN REGISTERED PARTNERSHIP CARRYING ON BUSINESS IN THE CITY
WEATHERHAVEN CANADA,WEATHERHAVEN RESOURCES
WEIR CANADA,WEIR CANADA
WEIR CANADA,WEIR MARINE ENGINEERING
XEROX,WEIR CANADA
XEROX,WEIR MARINE ENGINEERING
